Episode,Average Reward
1,1.5528895423376368
2,1.3971480690429074
3,1.4299220839360611
4,1.5543137019200355
5,1.3408204343691525
6,1.5507411983260544
7,1.561775454213221
8,1.4193006155915098
9,1.4657771103846597
10,1.4598490797255643
11,1.4822940622175635
12,1.4974586683271944
13,1.563754089189203
14,1.5802296045650246
15,1.5650703569221769
16,1.4672534596145406
17,1.5565192805771648
18,1.5587165010301316
19,1.5572562467588467
20,1.5430615392117975
21,1.46958241829695
22,1.4656165502671425
23,1.5003439681817408
24,1.5058557139694158
25,1.5226757065563148
26,1.4810391372001892
27,1.446434307139283
28,1.4560090378180288
29,1.4840574494249716
30,1.4345888677774725
31,1.4721188756207544
32,1.4941096316206273
33,1.48317811842031
34,1.4395552325844188
35,1.4643592349856742
36,1.4519823092920197
37,1.4511003097226347
38,1.4540000213201474
39,1.4576471359976813
40,1.43095845634994
41,1.4320736849209246
42,1.4168369682111748
43,1.383887271276031
44,1.3919177298178345
45,1.3964829941719878
46,1.3661246682117274
47,1.3630467401893336
48,1.38512635903613
49,1.3638014950785722
50,1.3462624124603133
51,1.3538362399056532
52,1.3684150099627945
53,1.3517816581553008
54,1.369449120863155
55,1.3445500459383704
56,1.3648926637241026
57,1.3592196372275092
58,1.356971287441742
59,1.3339717740952717
60,1.3351805245902455
61,1.3331483482752884
62,1.3163333553075522
63,1.3228495363036659
64,1.3109244672955038
65,1.321152355164095
66,1.3303943055843
67,1.3667947079495197
68,1.3738561654036023
69,1.3795516570394826
70,1.387251053071527
71,1.3796526694881381
72,1.3860904202829887
73,1.367102880279112
74,1.3667182609187878
75,1.3541217073763976
76,1.3518056918221795
77,1.3419102892894503
78,1.3247063112216368
79,1.3079378769023755
80,1.3082334502448114
81,1.2945280684959029
82,1.2827923187429116
83,1.2795083338627964
84,1.2642760917930012
85,1.2707264932779165
86,1.2618227552736285
87,1.247319045442897
88,1.2364474515659964
89,1.2399553650368156
90,1.243152720364168
91,1.2505773617513842
92,1.2401430293875177
93,1.2403877384272253
94,1.2343505069170593
95,1.2418174101553021
96,1.2551354297396469
97,1.242195889226867
98,1.2396538887596038
99,1.2384232299305387
100,1.2260389976312334
101,1.2232596211953695
102,1.227741405800512
103,1.2158215863267208
104,1.213927050977561
105,1.202365840968251
106,1.1969349857270242
107,1.1959503229584674
108,1.188488745431889
109,1.1964932158588357
110,1.2023671877242388
111,1.2075233486186805
112,1.2056086744652557
113,1.199408642168299
114,1.1986327367060425
115,1.2183808726701073
116,1.2165214869492258
117,1.2102471019063767
118,1.2129397251559633
119,1.2156023421056188
120,1.2094924762292043
121,1.1994966706405332
122,1.2049740810560838
123,1.2073358374192245
124,1.2172860465593593
125,1.2214289999594667
126,1.2155638367608668
127,1.2109385557409071
128,1.221775238102166
129,1.2196321207711422
130,1.2200613805612432
131,1.2251789774998756
132,1.219231598149854
133,1.2163482301324264
134,1.2221591334455049
135,1.2278504321268415
136,1.228617770532856
137,1.2228623481442735
138,1.225372362639721
139,1.2186964069394577
140,1.2179268284575406
141,1.2158582222166492
142,1.2258054956639393
143,1.217233429260695
144,1.2206868552112744
145,1.227479195229557
146,1.2190718034814092
147,1.2276814227552586
148,1.2304061663694061
149,1.2327271692226838
150,1.2308111346119255
151,1.2255748019542112
152,1.228061266013795
153,1.2295518389835833
154,1.23147041851068
155,1.2302963200138768
156,1.2243163084772692
157,1.2265361982001577
158,1.2322224728049234
159,1.2244726459319364
160,1.2256012000554712
161,1.2235676339322454
162,1.218114796840786
163,1.21362849357284
164,1.2083027590090778
165,1.2061601819435483
166,1.2006858104878833
167,1.1934960750957402
168,1.1884169795601451
169,1.1939258746647068
170,1.1919999843159002
171,1.1879824699334047
172,1.1886550571957208
173,1.1932039163475716
174,1.1987904769371907
175,1.2038338695137305
176,1.2064403243991777
177,1.2027130272305706
178,1.1978674935108247
179,1.1979420760575679
180,1.194551428608777
181,1.1915313452049427
182,1.1910470074669508
183,1.195835682089324
184,1.1931527059863698
185,1.1893108991266375
186,1.1862939219658812
187,1.1923871141941798
188,1.1962586601325274
189,1.190977384304224
190,1.1930346461324743
191,1.1967734046715357
192,1.1920892438154505
193,1.1942854216670349
194,1.2001424146249497
195,1.2025589467363313
196,1.2067024396746284
197,1.2031405238636361
198,1.2016366547522126
199,1.1985511717397652
200,1.1990876632606904
201,1.1957938372677028
202,1.1943561174782675
203,1.2011098094811103
204,1.198398076750883
205,1.2051041352837446
206,1.2091485965050035
207,1.2168509563857426
208,1.218753748952655
209,1.2294126148159485
210,1.225178307245948
211,1.2193717749841186
212,1.2182397746469011
213,1.2182760664921155
214,1.2135088770626348
215,1.2109900148536226
216,1.2126809665973919
217,1.2147947233243361
218,1.211917800443377
219,1.2139429522344523
220,1.215300114721375
221,1.213140115139323
222,1.2155642303441587
223,1.217074468875176
224,1.2206964890503034
225,1.2226743770933697
226,1.2172643134779124
227,1.2156365668046658
228,1.2146604408249744
229,1.2093562467602366
230,1.2116372686718937
231,1.210935311454726
232,1.2121378285114888
233,1.2082119774032984
234,1.2117382039204827
235,1.208730828690647
236,1.206460308130397
237,1.2034279095244131
238,1.201743889186442
239,1.2014074270784347
240,1.196401562798941
241,1.1914372409616012
242,1.1977677927231587
243,1.1940626352234878
244,1.1995027084053833
245,1.2007827115902407
246,1.2003492796161346
247,1.195489565933478
248,1.198127389955276
249,1.2004808206221518
250,1.195678897339663
251,1.1921001548016688
252,1.1892839575085508
253,1.1930706094012336
254,1.1939154421102465
255,1.1892334207686377
256,1.18458797771876
257,1.1799786859766639
258,1.1788441518911938
259,1.17429263006922
260,1.1748167426633915
261,1.177726487158498
262,1.1739874453318748
263,1.1754844008232532
264,1.1710318083958922
265,1.172641859894669
266,1.174709597320027
267,1.1730042652714983
268,1.1774918561232297
269,1.1786040902185349
270,1.1742388898843923
271,1.1817024479923746
272,1.1827723870954348
273,1.1796860707511867
274,1.184308897148136
275,1.1823583787312872
276,1.178792216230751
277,1.179712632963595
278,1.1836141960187725
279,1.1858094899513325
280,1.1815744560586492
281,1.178580269471664
282,1.1811242696123283
283,1.1824229532902668
284,1.1796330835606814
285,1.1822193979541413
286,1.1805408968394266
287,1.1784749896562763
288,1.1843560002087428
289,1.187080914348186
290,1.1843327041265992
291,1.1857520234449088
292,1.1830271875772485
293,1.1801506716644106
294,1.1781352800440392
295,1.1741416011286359
296,1.1739281342987113
297,1.1771891528099452
298,1.1794361098640411
299,1.177185345822881
300,1.1743954214205239
301,1.1751064529301136
302,1.1725070936491795
303,1.1686374332740999
304,1.164793231190961
305,1.1620896731382557
306,1.1599470848651148
307,1.159557954575896
308,1.1614395835918447
309,1.1642540567195352
310,1.1620545869782977
311,1.1646504007637
312,1.1624637598539955
313,1.1617104921503887
314,1.1592531337361773
315,1.1555729650576496
316,1.158267989629573
317,1.159434262991491
318,1.157172283872955
319,1.1549244864416826
320,1.1513153474215525
321,1.1496855586358963
322,1.147326597118667
323,1.1449822421742997
324,1.1414483463651197
325,1.139494528873403
326,1.1359991468829937
327,1.1340004291155714
328,1.1366630127354749
329,1.136660193380771
330,1.138232211105947
331,1.1407564797225362
332,1.1394916828022597
333,1.1411847694613193
334,1.1399218987155157
335,1.139649844618566
336,1.139541904238423
337,1.1382483695546108
338,1.1410607757747078
339,1.1424928335243052
340,1.1442848709435227
341,1.1468728100400336
342,1.1483163839432082
343,1.1470658578686301
344,1.1472065193834646
345,1.1488210628479063
346,1.1529843401613462
347,1.154862541441896
348,1.1533448191544142
349,1.1562161106359374
350,1.153742975417765
351,1.1523730181558105
352,1.1581452451292031
353,1.1548643804121232
354,1.1571060100257307
355,1.1583461469714462
356,1.1600892172658115
357,1.161336814044879
358,1.1604003923448694
359,1.1590398160489923
360,1.1571752105558348
361,1.158492248385558
362,1.1566394571980627
363,1.1550780804476604
364,1.1519047890178593
365,1.1492916184413258
366,1.151371263721168
367,1.1482340123213828
368,1.1479656730256893
369,1.146047405357048
370,1.142949979937164
371,1.143849529392213
372,1.1455548577988608
373,1.1478804512771377
374,1.149317956626139
375,1.1462531087418026
376,1.1459788625828249
377,1.1464880414812162
378,1.143979071870375
379,1.1425170154717776
380,1.139510391746852
381,1.1393353311435497
382,1.1401060440233535
383,1.137129265840525
384,1.1341679917107317
385,1.135540464276035
386,1.1325986496017446
387,1.1296720381040657
388,1.1267605122326636
389,1.1251041058694327
390,1.1260667094318086
391,1.1280841223154836
392,1.1252063566973318
393,1.1223432361968297
394,1.1209348856027095
395,1.1193183882643125
396,1.1164918266777863
397,1.1160956640673443
398,1.1145035102303307
399,1.116641693682785
400,1.117194937716769
401,1.1144089154281984
402,1.1124830425667247
403,1.1136760187894474
404,1.1147212431953566
405,1.11448437570602
406,1.113137008037073
407,1.1126778344263968
408,1.1107845260702434
409,1.1094560873808625
410,1.1132324570287182
411,1.1145893225379717
412,1.1163897225632482
413,1.1191970246434013
414,1.1206569219012348
415,1.119323900648734
416,1.1203062389773615
417,1.1230900163706565
418,1.1250406966697493
419,1.123406052771485
420,1.1226173040341991
421,1.1204212950663823
422,1.1191587458725643
423,1.1204307010460026
424,1.1177881758076864
425,1.1186343798218439
426,1.1160084775217927
427,1.1161954343493525
428,1.1152683093634028
429,1.1133460493981633
430,1.1154238698608285
431,1.114010955224393
432,1.1114322261613736
433,1.1129963002352006
434,1.1120893639221308
435,1.1095328366487465
436,1.1069880365646898
437,1.10445488316294
438,1.1019332966717001
439,1.0994231980460243
440,1.0973747306154273
441,1.0991813880797314
442,1.0977859967875507
443,1.0953079245600394
444,1.0928410148200391
445,1.090830355300406
446,1.0883845473288805
447,1.0859496825697554
448,1.0847748955992453
449,1.0834333444663649
450,1.084152278970024
451,1.0817483936507999
452,1.0835953598941575
453,1.0812033171570843
454,1.078821812053214
455,1.082082571185851
456,1.0830301248256684
457,1.085280244088685
458,1.0847143436549573
459,1.0854122044105863
460,1.0878149124368715
461,1.0889484169823556
462,1.0875440370826037
463,1.0862889909151623
464,1.0845741844353356
465,1.0822417668343995
466,1.083979698762118
467,1.0882419969560897
468,1.0865376738520716
469,1.0856556915548852
470,1.083964123667057
471,1.0849131842747186
472,1.0856840581044283
473,1.0867239184314181
474,1.087741894022314
475,1.0864675288495005
476,1.0875370048473336
477,1.0890068985481327
478,1.0886664099496886
479,1.0863936199497937
480,1.086783137607852
481,1.084523713205341
482,1.0858354016019027
483,1.0875384114798272
484,1.0910569244738801
485,1.0913183741423056
486,1.0928973545278182
487,1.091693166246564
488,1.0894560900862227
489,1.0872281635216292
490,1.088773130661222
491,1.0865556701099772
492,1.0853766091169839
493,1.0874197753231518
494,1.0861950762575907
495,1.0840007427702016
496,1.0818152574017135
497,1.0824432818386058
498,1.0841215400497186
499,1.081948951793106
500,1.0833055960971776
501,1.0811433094782212
502,1.0818457085653732
503,1.0803712797712393
504,1.0791955070703283
505,1.080173018927557
506,1.0787106375168618
507,1.0801202356086472
508,1.0789909785731129
509,1.078030013382993
510,1.076862147546822
511,1.076942297286813
512,1.0791938870673268
513,1.0791359753021006
514,1.077975046239131
515,1.0780036599403224
516,1.0795909091978322
517,1.079965708398258
518,1.0778808325133191
519,1.076838728093583
520,1.0754067239794618
521,1.0772826857494129
522,1.0758553177474997
523,1.0752092085492977
524,1.0741238048336637
525,1.074193960290116
526,1.0730791083475726
527,1.0728812265181675
528,1.0714784147042136
529,1.0694529356594042
530,1.0680770018659256
531,1.0660655574179672
532,1.0663928998557735
533,1.0654988413134587
534,1.0668978326555882
535,1.0681255679655517
536,1.0661327963835263
537,1.067625548608767
538,1.0684867867523857
539,1.0675427391327734
540,1.069114593635726
541,1.0699120148955419
542,1.0714224667958527
543,1.071781397367104
544,1.0701753608436044
545,1.0688359712367643
546,1.0679176875936813
547,1.0668473050513454
548,1.0672241568593133
549,1.0692102421725056
550,1.0701771559374476
551,1.0717859917140082
552,1.0698443504246713
553,1.0685249357315267
554,1.0665961903601702
555,1.0646743954225844
556,1.0638163938755567
557,1.0637763826718631
558,1.0651694446456743
559,1.0638582230787779
560,1.0636132815529675
561,1.0649057290014086
562,1.06478971425708
563,1.065445056951523
564,1.0650377849566302
565,1.0640066002698678
566,1.0621267299513697
567,1.0624077446272215
568,1.06490623550317
569,1.0635454491213996
570,1.0616795799124146
571,1.059820246147244
572,1.060458492347831
573,1.061352699158691
574,1.0601832692822615
575,1.0606033835105813
576,1.0587620581919865
577,1.0588191362295007
578,1.0569872692118027
579,1.0582484746805287
580,1.0597208116932837
581,1.0578968516043106
582,1.0586446909475642
583,1.0590687128771992
584,1.0598246217510328
585,1.0602891672596588
586,1.0584798000800348
587,1.05667659769489
588,1.057385202333482
589,1.0568428508984302
590,1.0556282156004935
591,1.05537397909322
592,1.0542502053955758
593,1.056267176763733
594,1.054822446716291
595,1.0538983838224976
596,1.0546933820786653
597,1.053877234206027
598,1.0521148976939767
599,1.0503584454440702
600,1.0513156318301629
601,1.0517830016695728
602,1.0507669583167947
603,1.05009888099374
604,1.0492997985783752
605,1.0475654187460144
606,1.0461636565510262
607,1.046606534537149
608,1.0448851422106076
609,1.0439986395549403
610,1.042774731162724
611,1.0416248674867064
612,1.0411286507213486
613,1.0426441632701282
614,1.0440706538499531
615,1.0423729779900346
616,1.0417716476720718
617,1.0406345915577182
618,1.0424487065589239
619,1.0407646214110096
620,1.04234880722484
621,1.041218145739962
622,1.0395441615828238
623,1.038582011890551
624,1.0399560604438343
625,1.0408710552674303
626,1.0392083219523067
627,1.037550892411713
628,1.0358987413091465
629,1.0381088464058907
630,1.0364610545861987
631,1.036598665234643
632,1.03665596529264
633,1.03888638830383
634,1.0381781443109248
635,1.0372077484068756
636,1.038577764681577
637,1.0374814228612226
638,1.0375662107086052
639,1.0364748833446105
640,1.035742036811437
641,1.0365142662806515
642,1.036649436229988
643,1.037327626662017
644,1.0391649817950435
645,1.0399975440388456
646,1.040256657171804
647,1.038648841627489
648,1.03841748053509
649,1.0372757194253337
650,1.0367151228977127
651,1.0358636686950062
652,1.0362849850076734
653,1.0373013340447097
654,1.0357152463779746
655,1.0375367232330484
656,1.0359551123744615
657,1.0343783161608016
658,1.0328063126408005
659,1.0312390799964288
660,1.0296765965418888
661,1.0292591587425985
662,1.0292012177263479
663,1.029231811894945
664,1.0289244799057882
665,1.0304043039162836
666,1.029303718655603
667,1.029703132092347
668,1.029244526317848
669,1.030452814124144
670,1.0310588563366034
671,1.0300292723854547
672,1.03051529463562
673,1.0289840683434424
674,1.0284557358629203
675,1.0318912061207752
676,1.0335784397855827
677,1.0349996975412767
678,1.0353027542136373
679,1.0359469708996623
680,1.0352275028918037
681,1.0361658719864324
682,1.0358578543522021
683,1.0368672102907324
684,1.0357861391065397
685,1.0349783030449768
686,1.0355225927848022
687,1.0368008159450954
688,1.0370799068371126
689,1.0390972610925489
690,1.0401874996308265
691,1.0402899134077295
692,1.0403309985596223
693,1.0423231964610202
694,1.0449083682128608
695,1.0449040924639543
696,1.045850379807493
697,1.0447765837393372
698,1.0437671731968967
699,1.0445591438014143
700,1.0430669164531268
701,1.041861539294967
702,1.0408010734559474
703,1.0413609969628457
704,1.0398817910012508
705,1.0384067813686249
706,1.0399755370525827
707,1.0400161951876106
708,1.0393057607857497
709,1.037839885241623
710,1.036857305156939
711,1.0377681199621638
712,1.0381019354800443
713,1.039235521971348
714,1.0395440716766542
715,1.0380901638840996
716,1.0387743628805708
717,1.0392872254201988
718,1.0385116421493292
719,1.0374809090174153
720,1.0384527792092177
721,1.039206460696683
722,1.0381790480368585
723,1.040341111489242
724,1.0418292923446155
725,1.0423302621903312
726,1.0424485023447063
727,1.0419804412398934
728,1.0408212614148156
729,1.0420102797728206
730,1.0410489068212356
731,1.0400901641650038
732,1.0415414869479485
733,1.041004481280236
734,1.0441638648543559
735,1.0456416058764155
736,1.045678522582954
737,1.047233795939427
738,1.0479654468186457
739,1.0474241083689786
740,1.0469314762485287
741,1.048840286511836
742,1.0500891486918211
743,1.0518593159231213
744,1.0517760200542325
745,1.0524599424778336
746,1.0517030013197028
747,1.0529382075504825
748,1.0541891112473014
749,1.0555017937821591
750,1.0558797983752088
751,1.0549268399554228
752,1.0561472987379568
753,1.0579770028627489
754,1.0578275930149321
755,1.0592216702881576
756,1.0587966948077339
757,1.058286907861451
758,1.0585714723720103
759,1.0595458294564233
760,1.059237431484895
761,1.0608421743102612
762,1.0608508806058823
763,1.0618220657732045
764,1.0604322463153861
765,1.0590460603724903
766,1.0592829090161313
767,1.0606363981305913
768,1.0592553611538587
769,1.0583203191043944
770,1.0599344636186618
771,1.0588166465822995
772,1.0577017254449947
773,1.0585922804078365
774,1.058869760789503
775,1.060545766436174
776,1.0615112936244524
777,1.0605829753895635
778,1.0611127220587602
779,1.0620546432787363
780,1.0606930347617123
781,1.05995947369097
782,1.059039075419135
783,1.0584330142029477
784,1.0570829720929948
785,1.0570652059539798
786,1.0569922291559326
787,1.0560814487187786
788,1.0549926366373883
789,1.0544766970884367
790,1.0531419164592108
791,1.0544249416058777
792,1.0547295975899156
793,1.053828561559053
794,1.0525013215570893
795,1.051812646970111
796,1.0520736109959776
797,1.0529280840547506
798,1.0533408725730293
799,1.0534284226370862
800,1.05211163710879
801,1.050798139434497
802,1.0494879173155014
803,1.0506215652204218
804,1.0495612119410223
805,1.0482574091932693
806,1.049530959231107
807,1.0499083907537123
808,1.0486089991809973
809,1.0473128199483879
810,1.0460198411583281
811,1.047054424639208
812,1.0457649487467953
813,1.044478644996799
814,1.0440581160461222
815,1.0442757895861383
816,1.0456325954116523
817,1.044352751353621
818,1.0436657900890516
819,1.0448678571137597
820,1.0435936280197187
821,1.044183619514649
822,1.0429133231405434
823,1.0435911711921262
824,1.0441695759938387
825,1.044641791842608
826,1.0433770923367454
827,1.042526827442887
828,1.042437779806182
829,1.0415390786487595
830,1.0421729914932363
831,1.0427575927614245
832,1.0415042783470478
833,1.040833106868763
834,1.0420231738658323
835,1.0407752419210827
836,1.0399969221940097
837,1.0406669166353466
838,1.041329801031387
839,1.042618941929527
840,1.0413777289034205
841,1.042060932042859
842,1.042935244114857
843,1.0426769144908712
844,1.0414415153030858
845,1.0402090401370467
846,1.039499720826361
847,1.0398197470173025
848,1.0408089894083588
849,1.041121169015563
850,1.0402965653168574
851,1.040762924756125
852,1.0401075908502326
853,1.0392289404322086
854,1.0380120447174168
855,1.037312761511077
856,1.0361009475373493
857,1.0366783929543133
858,1.0360324023295835
859,1.0351646332748057
860,1.034549857726297
861,1.033972016589182
862,1.033109657850999
863,1.0330607500272837
864,1.0324512557119248
865,1.03237766510908
866,1.0324803807906777
867,1.032077146602033
868,1.0327406896250921
869,1.0318866943370029
870,1.0312827529200146
871,1.0315893492469275
872,1.0318952423712557
873,1.0329864896332637
874,1.0323840539031996
875,1.0315929955845853
876,1.0331245696478235
877,1.0332133163408943
878,1.033800376060858
879,1.0326242664180127
880,1.0319509716871935
881,1.0313332995723525
882,1.030717028074552
883,1.0315567717734224
884,1.03086720160766
885,1.0302535458301512
886,1.0301576762551738
887,1.0294360779167666
888,1.0288261069264462
889,1.028216457047075
890,1.0289115621745812
891,1.0283235638162584
892,1.027738512356327
893,1.0283017851606064
894,1.027151559450136
895,1.0263840247749023
896,1.0266479945799305
897,1.0267335395992288
898,1.0255901837644856
899,1.0259644696513568
900,1.026583306853748
901,1.0254439247151756
902,1.0243070689228084
903,1.0231727310834697
904,1.0234131065152376
905,1.0239402958949952
906,1.0235867422745744
907,1.0224582012136323
908,1.0232453920130835
909,1.0228709486106884
910,1.0217469146012261
911,1.0233648320771576
912,1.0222427215156695
913,1.0211230690277007
914,1.0203780853910356
915,1.0192629180845971
916,1.0181501856412734
917,1.0170398800953178
918,1.0171691780963446
919,1.0166134528335162
920,1.0162506951013448
921,1.0151472741511807
922,1.0148307960606988
923,1.0152289569768207
924,1.0146581267620323
925,1.0148896480840766
926,1.015509552541372
927,1.0162471643113085
928,1.016538771639055
929,1.0154445426060743
930,1.0149405255984933
931,1.015624286010153
932,1.016752222337455
933,1.016394370372716
934,1.0166139289174554
935,1.0166070921739
936,1.0155209734856803
937,1.0151659632036634
938,1.015760497352669
939,1.0152165618122604
940,1.0173719465620839
941,1.0174845091839675
942,1.018412994890939
943,1.017543095138757
944,1.0168255791747496
945,1.0162600689713224
946,1.015185798285306
947,1.0146232139544196
948,1.0155899838583682
949,1.0163318097928182
950,1.016941076071335
951,1.0166259247026779
952,1.0173437135487806
953,1.016276196535613
954,1.017084319218075
955,1.0174620382119022
956,1.0167536135120108
957,1.015691175044391
958,1.016425926214127
959,1.0186619753287731
960,1.018275781950842
961,1.0185345711217142
962,1.0193852593446047
963,1.020161437775482
964,1.0196082074086668
965,1.0196633411853298
966,1.0196146876262075
967,1.0218042605140705
968,1.0216244687352862
969,1.0225480524988706
970,1.0234526055726207
971,1.0238467843059782
972,1.024557362036392
973,1.0259182404693445
974,1.0248649363210187
975,1.024660114202838
976,1.0241916643953695
977,1.024561644222721
978,1.025507525762362
979,1.0253331335431939
980,1.0268331695673671
981,1.027572162825768
982,1.0268721993454115
983,1.029113442047587
984,1.0298326189668439
985,1.0300462018250813
986,1.0290015302207964
987,1.0295101119225745
988,1.0298039892985948
989,1.0303266076740039
990,1.0296799140804824
991,1.0304813271269275
992,1.029785487104739
993,1.0306467978369114
994,1.0312172693235662
995,1.0314884564009081
996,1.0324301841805648
997,1.0326271602743184
998,1.0315924637209373
999,1.0309003872058171
1000,1.0318206995238133
1001,1.0320759199884182
1002,1.0330384388215774
1003,1.0320084902285351
1004,1.030980593325917
1005,1.0308763871121518
1006,1.0314036365786685
1007,1.03037940258008
1008,1.0293572007918061
1009,1.030501677654717
1010,1.0294813789639696
1011,1.0290844173104208
1012,1.0297667279609553
1013,1.0294942536107579
1014,1.028478973281753
1015,1.0274656935051207
1016,1.0267892587921392
1017,1.0273506218174877
1018,1.0275820072283548
1019,1.0265735852389257
1020,1.0259006778270403
1021,1.0253269503299494
1022,1.0252799453543135
1023,1.0253737218662675
1024,1.0251782039455921
1025,1.0246486822216805
1026,1.0252413510829081
1027,1.0263506164048928
1028,1.026454720567933
1029,1.025884915108972
1030,1.0268839917612285
1031,1.0263148752835718
1032,1.0265562716190377
1033,1.0265085771307616
1034,1.0274182715125448
1035,1.0269149279280467
1036,1.0273497830959004
1037,1.0278060701856788
1038,1.026815890927311
1039,1.026315064912518
1040,1.0260237566527242
1041,1.0250381430536342
1042,1.0256452588967266
1043,1.0253495607812728
1044,1.0250544291373047
1045,1.0240735158079866
1046,1.025271694648125
1047,1.0242924475663218
1048,1.0252463011432107
1049,1.0245524672243926
1050,1.0250294138767544
1051,1.024651796115907
1052,1.0257262584713853
1053,1.0247521594604911
1054,1.0252492178959831
1055,1.024757472344951
1056,1.0251936941939785
1057,1.0246801887471875
1058,1.024389595113663
1059,1.0237435313081882
1060,1.024669500256843
1061,1.0254641008610659
1062,1.0256845113231177
1063,1.0263499902765656
1064,1.0275758031093332
1065,1.027796765707428
1066,1.0274629540155122
1067,1.0293942651164858
1068,1.02962464117301
1069,1.0293357910897711
1070,1.028691746448674
1071,1.0293544841790203
1072,1.0286717043619715
1073,1.0282984345044357
1074,1.0287636842352117
1075,1.0285435613504452
1076,1.0275876658473313
1077,1.0283804333275977
1078,1.0304271613563438
1079,1.0310687199558735
1080,1.0323737610232877
1081,1.032361195018654
1082,1.0335107079703192
1083,1.0330018508410168
1084,1.0324549163875627
1085,1.0326999608458796
1086,1.03174904007162
1087,1.0329305931420438
1088,1.0319812084057
1089,1.0322885512463105
1090,1.0319579686324374
1091,1.0314542660369321
1092,1.0319502427939309
1093,1.0324665165825404
1094,1.0319637304037044
1095,1.0315949536154143
1096,1.0306537173438672
1097,1.0301539586561663
1098,1.0292157492220533
1099,1.029139412760167
1100,1.0293209363391602
1101,1.0302093045230187
1102,1.0311761700301012
1103,1.0305497256557457
1104,1.0324781650231583
1105,1.0321961430658437
1106,1.0312628734970681
1107,1.0303312900521746
1108,1.0303485769307432
1109,1.029984597317098
1110,1.0294961263632199
1111,1.0302906428490117
1112,1.0309776954391647
1113,1.0300513902321216
1114,1.0291267480505846
1115,1.029395956837126
1116,1.0287400594925615
1117,1.0280853365389453
1118,1.0271657611037583
1119,1.0281678722024328
1120,1.0272498651736806
1121,1.027269074728599
1122,1.027488408971994
1123,1.0287153656608792
1124,1.0287498505415846
1125,1.028938878759546
1126,1.0291007526631066
1127,1.0286156751868627
1128,1.0279674472126747
1129,1.028172560201468
1130,1.0277846727117337
1131,1.0273024744484482
1132,1.0272507897397936
1133,1.0266443971849621
1134,1.0266374708294321
1135,1.0269388927577732
1136,1.026034897253585
1137,1.025763302906377
1138,1.0252858469608843
1139,1.0248571751362219
1140,1.0239581776141726
1141,1.0237549991790258
1142,1.0243598781343366
1143,1.02442094424792
1144,1.0249217604030834
1145,1.0255923724631038
1146,1.0253978163519555
1147,1.0259560757088764
1148,1.0261327823934967
1149,1.0266299293415917
1150,1.0266993443054877
1151,1.0258073379246837
1152,1.026502760870887
1153,1.027301647954156
1154,1.0273675753622462
1155,1.0278742976435806
1156,1.027279430625823
1157,1.0268820007826835
1158,1.027642577821511
1159,1.026755914682752
1160,1.0258707802735427
1161,1.0258842681057085
1162,1.025294185280416
1163,1.025621960532792
1164,1.0247408420099977
1165,1.0238612361370276
1166,1.0229831390219875
1167,1.0234743595487414
1168,1.023549257716483
1169,1.0242599791442453
1170,1.0241091294344222
1171,1.0252718019555738
1172,1.0262925005859567
1173,1.0254175709179378
1174,1.025172700931711
1175,1.0257346879537297
1176,1.026114782508212
1177,1.0259632540767272
1178,1.0264483061749259
1179,1.0267481488084855
1180,1.026741404538321
1181,1.0267346716894437
1182,1.0272762697318725
1183,1.027533503438183
1184,1.0270934055987562
1185,1.0263938310189964
1186,1.0269452710020495
1187,1.0272638017810682
1188,1.0266437302175115
1189,1.0270380333154971
1190,1.0266687791154632
1191,1.0258067566308995
1192,1.0263913650691618
1193,1.0273411879449625
1194,1.0268848037313874
1195,1.0270823067994617
1196,1.0275343171947502
1197,1.0272768832959767
1198,1.0272697990111004
1199,1.0267801035184279
1200,1.0279648815416427
1201,1.0275814412590214
1202,1.0283740336559222
1203,1.0292283817107428
1204,1.029303570226976
1205,1.0307741497351972
1206,1.0316115855562082
1207,1.0307568949302295
1208,1.0299036193549562
1209,1.0292156077000583
1210,1.0292831612635054
1211,1.029751270990387
1212,1.0299522700207726
1213,1.0295206998571587
1214,1.0299203793566625
1215,1.0290727082625417
1216,1.0282264313642997
1217,1.0273815452251343
1218,1.0278199004635675
1219,1.0277784467841309
1220,1.028359962358173
1221,1.028746661402266
1222,1.0283039733311612
1223,1.029365694534451
1224,1.0285247094898966
1225,1.0299862548239207
1226,1.0305446076064007
1227,1.031355975424705
1228,1.0313457424724164
1229,1.030903461020862
1230,1.0304759013167062
1231,1.03052763368441
1232,1.0315121739437327
1233,1.032031114740489
1234,1.0324766787736586
1235,1.0325093391972335
1236,1.0327304881751684
1237,1.032802112231108
1238,1.0336027838258002
1239,1.0338143332181635
1240,1.033969297415308
1241,1.0345703760160057
1242,1.0337373885957029
1243,1.0332938496160893
1244,1.0337756277651806
1245,1.0340750022037577
1246,1.0338892526587207
1247,1.034277595206035
1248,1.0359983943334812
1249,1.0351689320481863
1250,1.0357880687149328
1251,1.0360843986390567
1252,1.0352568551896644
1253,1.0371909259784369
1254,1.0366351182425018
1255,1.035809114164221
1256,1.0353685164912683
1257,1.0359904645966294
1258,1.0368414197699927
1259,1.0371593919926805
1260,1.0366711517968445
1261,1.0362316175265345
1262,1.0354105148185104
1263,1.0361461614790994
1264,1.0368483555234795
1265,1.0360287125546863
1266,1.0354790911586051
1267,1.0346618227362228
1268,1.035492758246031
1269,1.035056923477465
1270,1.035451500901348
1271,1.0346368262350212
1272,1.0340908916429463
1273,1.0336100478515848
1274,1.0334788975121154
1275,1.0335264893148197
1276,1.0343720071942815
1277,1.0337171328962305
1278,1.034047395575014
1279,1.034825281643059
1280,1.0351369397442978
1281,1.0349342574719262
1282,1.0351418348149894
1283,1.035745718298728
1284,1.0349390627548818
1285,1.0349264953208421
1286,1.036128378578257
1287,1.036043005594507
1288,1.0352386243789833
1289,1.0357487453114844
1290,1.0365618349901016
1291,1.0359123661237912
1292,1.0367783456989912
1293,1.037231697005814
1294,1.0374034963215437
1295,1.0382189557578656
1296,1.0377900973328484
1297,1.0377446407410045
1298,1.0392602113860692
1299,1.0397568906934485
1300,1.0401347482158962
1301,1.0404163485660713
1302,1.0399877787414706
1303,1.0401416492079856
1304,1.0396048902938044
1305,1.0405359384790565
1306,1.041052012292065
1307,1.0412546117286623
1308,1.0407811577022945
1309,1.0399860613251346
1310,1.0404106807391948
1311,1.0399389538623833
1312,1.0403988899118586
1313,1.0400540511040623
1314,1.0392625335613652
1315,1.0388806066450982
1316,1.0393041301155381
1317,1.0400815213186114
1318,1.0392923851112377
1319,1.0392549285565438
1320,1.0384676142167282
1321,1.0388266201062648
1322,1.0397054461472715
1323,1.0404068318325417
1324,1.0400266368226003
1325,1.0401896181977528
1326,1.040138693902787
1327,1.040805789561432
1328,1.041272705182675
1329,1.0410288823228522
1330,1.0407870455243862
1331,1.0415296153306597
1332,1.0422343143223964
1333,1.0433026731222765
1334,1.043891651879014
1335,1.0442163958714827
1336,1.0450102854106174
1337,1.0460544046496052
1338,1.0456500329158678
1339,1.046090937859381
1340,1.0474996352878112
1341,1.0472277312639096
1342,1.0476991867962295
1343,1.0471723877182841
1344,1.0465406355909515
1345,1.0460154812337208
1346,1.0452383523472173
1347,1.0459712017264078
1348,1.0456601661059863
1349,1.0457800508071162
1350,1.046424913118168
1351,1.0460114097320794
1352,1.0453842544945433
1353,1.0455527525295196
1354,1.0450002132147294
1355,1.045473478026092
1356,1.0448485695088037
1357,1.0444380560740234
1358,1.0440241977388702
1359,1.043255968012793
1360,1.043586764616738
1361,1.042819985215844
1362,1.042340748773019
1363,1.042849049926944
1364,1.0427276868736282
1365,1.0430983272132586
1366,1.0424797321922994
1367,1.041966000146157
1368,1.0418291664787964
1369,1.0412128541063381
1370,1.0407011717494106
1371,1.041092737629076
1372,1.0412822096944185
1373,1.0409219959404936
1374,1.0413770783186533
1375,1.0406197131707853
1376,1.0402140436386378
1377,1.039458623127644
1378,1.0388480562956088
1379,1.0383054679910257
1380,1.0384919948120206
1381,1.0377400092980364
1382,1.0382297247516155
1383,1.0387225982805388
1384,1.038320644406735
1385,1.0375709544107734
1386,1.036822346218558
1387,1.0368703343444927
1388,1.0368748489112232
1389,1.0364756722287354
1390,1.036221956503091
1391,1.0361893758053782
1392,1.0354449868859776
1393,1.0369156547876877
1394,1.0361718128545543
1395,1.036065072409444
1396,1.0367200702248598
1397,1.0362214932419613
1398,1.0354802761509443
1399,1.0347401186983702
1400,1.0345549478627547
1401,1.0344216222887275
1402,1.0341856729973617
1403,1.03344854849772
1404,1.0336905360172939
1405,1.0337455288169053
1406,1.0343298613576593
1407,1.034010147982952
1408,1.033618392506356
1409,1.0333694627311465
1410,1.0326365765873655
1411,1.032246627516032
1412,1.0315155746636835
1413,1.031946192916278
1414,1.0312163865563655
1415,1.030487611724877
1416,1.0299651054908026
1417,1.0314147305411576
1418,1.0316082670329656
1419,1.0308812703683898
1420,1.0304950289363952
1421,1.031420714490958
1422,1.031204071565667
1423,1.0304794025062392
1424,1.029959837465347
1425,1.0292370586320378
1426,1.029524206672864
1427,1.0298380824087796
1428,1.0302396492010009
1429,1.0305244139308347
1430,1.0298037674875264
1431,1.031044436235315
1432,1.0303244331373855
1433,1.030303066081943
1434,1.0304952183900622
1435,1.030487061380741
1436,1.0305296024727402
1437,1.0314493122990085
1438,1.0307320318314848
1439,1.030015748279135
1440,1.029839001890633
1441,1.0291243322154833
1442,1.02841065376041
1443,1.0295257990872901
1444,1.0299357024662072
1445,1.0292229441946044
1446,1.0290071829084935
1447,1.0290208502155624
1448,1.029787055007477
1449,1.0300313113231732
1450,1.0304351575132449
1451,1.0301299820327223
1452,1.029756464027543
1453,1.0293797688953397
1454,1.0297627651700023
1455,1.0294567379383694
1456,1.0287496934754998
1457,1.0297559175575508
1458,1.029545765676323
1459,1.0289758902567938
1460,1.028406795488524
1461,1.0280912898804646
1462,1.027787871175447
1463,1.0273178917864791
1464,1.0287575620756133
1465,1.0293478359337669
1466,1.0298164929423501
1467,1.0294433517998782
1468,1.0287420961106413
1469,1.0281766471198124
1470,1.0276119674473385
1471,1.0276554508613727
1472,1.0269573153648637
1473,1.0271415453976513
1474,1.0271725296286491
1475,1.0275485869859666
1476,1.0271955443535623
1477,1.027210635489075
1478,1.0265156350591096
1479,1.026844237536661
1480,1.0261504238626498
1481,1.0262823020714926
1482,1.0266004910358018
1483,1.0261087944945122
1484,1.0256465972105644
1485,1.0268304761904823
1486,1.0278379772059105
1487,1.0271467613503584
1488,1.0269751232469826
1489,1.0270545503947581
1490,1.0274198778454726
1491,1.028351729961632
1492,1.0278618256656142
1493,1.0273725776379101
1494,1.0277540917263415
1495,1.0277686275522815
1496,1.027309028219102
1497,1.0277589857022815
1498,1.0277269485770184
1499,1.0282408788978084
1500,1.027753661325412
1501,1.02706894869295
1502,1.0263851477950185
1503,1.0261493316635015
1504,1.02675305576873
1505,1.027786424646423
1506,1.0271039635410801
1507,1.0264224081571776
1508,1.026331098107838
1509,1.0258435485294204
1510,1.0253566447120337
1511,1.0248703853735586
1512,1.02538741170984
1513,1.0251248642779274
1514,1.0253071123274657
1515,1.0258928798628641
1516,1.026590395235379
1517,1.0265852531884303
1518,1.0259089783180821
1519,1.0252335938688932
1520,1.025753487345278
1521,1.0263776194403356
1522,1.0267515750805312
1523,1.0264089969123293
1524,1.0268600627061528
1525,1.0263817377603148
1526,1.025904039714799
1527,1.025232196859714
1528,1.024690878359533
1529,1.0244799412769863
1530,1.0246439705759511
1531,1.0250594650104359
1532,1.024584500947311
1533,1.0245067383503472
1534,1.0247370507492863
1535,1.0250482165826056
1536,1.024380867483268
1537,1.0239034686002442
1538,1.0232377316245613
1539,1.0238196402372814
1540,1.0231548222890754
1541,1.0224908671805166
1542,1.0218277732329288
1543,1.0225885679821471
1544,1.021926269686822
1545,1.0212648287355683
1546,1.0216238007684093
1547,1.0222364244745956
1548,1.0226703621508904
1549,1.0220101488764224
1550,1.021478592347201
1551,1.0221939621554774
1552,1.02180722425798
1553,1.0211492672558822
1554,1.020492157045293
1555,1.0198358919925306
1556,1.0191804704681138
1557,1.0197510868722737
1558,1.019223709748853
1559,1.018569942135159
1560,1.0182936957205053
1561,1.0180192344784051
1562,1.0173674936112613
1563,1.0168433285664578
1564,1.0171525844274742
1565,1.0165026466738463
1566,1.016267278657142
1567,1.0156187354033723
1568,1.0149710193731405
1569,1.0143241289847573
1570,1.0145397447560551
1571,1.014267997964533
1572,1.0150151025306755
1573,1.0158262592516112
1574,1.0151808804337894
1575,1.014536321144625
1576,1.0142654386662815
1577,1.0136222773228027
1578,1.0131054682298117
1579,1.013961156086083
1580,1.0142544875580695
1581,1.014022774620028
1582,1.0147257057925447
1583,1.014455901515528
1584,1.0141200192777884
1585,1.0150432248073378
1586,1.0154985798499083
1587,1.015226994823629
1588,1.0145876831140423
1589,1.0143444895735212
1590,1.0137065370643554
1591,1.0130693865068041
1592,1.0132341895890762
1593,1.0136002664216097
1594,1.0129643816873426
1595,1.0126317510009781
1596,1.013185377989424
1597,1.012855798769747
1598,1.0133638715514914
1599,1.0133283366028492
1600,1.0126950063924725
1601,1.0120624673503784
1602,1.0114307179949786
1603,1.0118379769131267
1604,1.012325219631964
1605,1.0128024199291812
1606,1.0121717833040695
1607,1.0124583757749597
1608,1.0122747773599743
1609,1.0119604099791148
1610,1.0116949023599628
1611,1.0112515253382022
1612,1.0115550414485357
1613,1.0116692906744758
1614,1.0124333241095604
1615,1.011929091418832
1616,1.0116645889755929
1617,1.0116840521567867
1618,1.0121786282222103
1619,1.0127040648964578
1620,1.0123197413687983
1621,1.0129737747611802
1622,1.0139368629988363
1623,1.0137456638939657
1624,1.0142786461192799
1625,1.0142506564196685
1626,1.0139758731759378
1627,1.0133526550608942
1628,1.0128518840986844
1629,1.0130518774464539
1630,1.0127785039646544
1631,1.0128010095732023
1632,1.0121804207192973
1633,1.0119218042319014
1634,1.011302513042041
1635,1.011135318971121
1636,1.0105172655976669
1637,1.0098999673291282
1638,1.009541039843115
1639,1.0091326609445626
1640,1.0085173361513038
1641,1.0079027612968545
1642,1.0077777480860082
1643,1.0085032102058373
1644,1.0088451151342315
1645,1.0082318354289828
1646,1.0076193008995606
1647,1.007912136338373
1648,1.0073005391682648
1649,1.0068700443114635
1650,1.0077339298328551
1651,1.007123551922599
1652,1.0065139129686507
1653,1.0072137050143217
1654,1.0067845640320296
1655,1.0061762349903185
1656,1.0055686406455175
1657,1.005853406029452
1658,1.0052467393189395
1659,1.0047602117657533
1660,1.0049876654464012
1661,1.0050252865819382
1662,1.004625276195978
1663,1.0042749162856013
1664,1.0038710230599193
1665,1.003268097520544
1666,1.0032333106087068
1667,1.0026314909862661
1668,1.0020303929700873
1669,1.002830545143936
1670,1.0030119936054815
1671,1.0024117470503615
1672,1.0018122184935132
1673,1.0018069989029224
1674,1.0012085478880461
1675,1.0010390097248165
1676,1.000441731079396
1677,1.000669454150691
1678,1.0004592317897636
1679,1.001067063503121
1680,1.0015748096540675
1681,1.0021070190786854
1682,1.0018486041458878
1683,1.0012533286829373
1684,1.0014832352014196
1685,1.0010064484319132
1686,1.0005302272457632
1687,1.0006923236177965
1688,1.0000994964118615
1689,1.0000739674671568
1690,0.9994822077230935
1691,0.9988911478722815
1692,0.9994204632856928
1693,0.9998110985405577
1694,1.001017583703784
1695,1.0013694049675308
1696,1.0018785267312085
1697,1.001622530605918
1698,1.0021485114547253
1699,1.0017882709830557
1700,1.00242391245952
1701,1.0023180466439248
1702,1.0023891249794776
1703,1.0020837986799804
1704,1.0014957213333373
1705,1.001082770482293
1706,1.0014263510838788
1707,1.0011223042683262
1708,1.0017145183263516
1709,1.001785658674759
1710,1.0011998191082825
1711,1.0015076956870375
1712,1.0011797851774638
1713,1.0010140247217139
1714,1.0006575987738533
1715,1.0013544952982023
1716,1.0007709553825272
1717,1.0001880951871966
1718,0.9998620979858637
1719,0.9992804446420673
1720,0.9986994676393685
1721,0.9981191657987878
1722,0.9990939201918858
1723,0.9987068642827499
1724,0.9981275679577599
1725,0.9985858570778589
1726,0.9982622991672095
1727,0.9976842665678076
1728,0.9971069029876178
1729,0.9974186805173005
1730,0.9968421379274062
1731,0.9965100377583201
1732,0.9965655810981552
1733,0.9970617220782104
1734,0.9973798247474092
1735,0.9976154560620578
1736,0.9985643798815319
1737,0.9979895011366374
1738,0.9977066864993651
1739,0.9971329621252999
1740,0.997328827840904
1741,0.9971889205366938
1742,0.9978541022555808
1743,0.9972816099421812
1744,0.9967097741566638
1745,0.9970923283054489
1746,0.9974361083962168
1747,0.9975010879675247
1748,0.9969304351712046
1749,0.9966500047689094
1750,0.9962703171026133
1751,0.9958910631172609
1752,0.9955122420702479
1753,0.9960482897598252
1754,0.9963863016673394
1755,0.9973061702191574
1756,0.996738228208782
1757,0.9961709326890275
1758,0.9961420083687315
1759,0.9957691067295882
1760,0.9952033288280374
1761,0.9956146743515033
1762,0.9961252239916296
1763,0.9964662503114046
1764,0.9960942218390715
1765,0.9962654591942114
1766,0.9957013224676008
1767,0.9954686070293874
1768,0.9956005904810977
1769,0.9954549373531196
1770,0.9950847413575052
1771,0.9951476280861695
1772,0.9953256271135216
1773,0.9954746481989397
1774,0.9963277001759441
1775,0.9957663887955632
1776,0.9952057095225929
1777,0.9948371120637258
1778,0.9942775861289318
1779,0.9939379696949571
1780,0.9939519314591814
1781,0.9933938450293895
1782,0.9928363849592272
1783,0.9933958138725926
1784,0.9934268609366983
1785,0.9928703192779103
1786,0.992586991755451
1787,0.9920315429631984
1788,0.9923159321982279
1789,0.9917612558806213
1790,0.9912071993130902
1791,0.9906537614575273
1792,0.990932369441437
1793,0.9903797021969074
1794,0.9902308587033344
1795,0.9903621896665512
1796,0.9900793702051199
1797,0.9897993301349811
1798,0.9900302767287311
1799,0.9895900695313185
1800,0.9890402972704677
1801,0.9884911355285074
1802,0.9882406014015049
1803,0.9876924923602396
1804,0.9871449909786651
1805,0.9875359269982742
1806,0.9875255501750476
1807,0.9874061388376665
1808,0.987921129568001
1809,0.9875630792062253
1810,0.9879018743390358
1811,0.9873563735801517
1812,0.9868114749192355
1813,0.9865332658525044
1814,0.9867132462961011
1815,0.9861696026342299
1816,0.9856265576988587
1817,0.9856120220426305
1818,0.9858470966639953
1819,0.9861797706943755
1820,0.9856379136775104
1821,0.9856828551700397
1822,0.9854198336587264
1823,0.9851738703043716
1824,0.9848476236375865
1825,0.9854421835557987
1826,0.9859840207175552
1827,0.9866518487101676
1828,0.9862982142333656
1829,0.9857589587854524
1830,0.9855303763501124
1831,0.9849921292849294
1832,0.9852222082557311
1833,0.9853794040481819
1834,0.9857882231569064
1835,0.985413087624016
1836,0.9854881858190762
1837,0.985717368518028
1838,0.9857477345598672
1839,0.9856050519824704
1840,0.986380522044814
1841,0.9866762094997479
1842,0.9867436792120016
1843,0.9867461730518854
1844,0.9863723489451887
1845,0.9860221243794275
1846,0.9858579067276706
1847,0.9859513172769719
1848,0.985417793836887
1849,0.9848848474908422
1850,0.9851895863573168
1851,0.9846573391469672
1852,0.9841256667176221
1853,0.9844721312899162
1854,0.9841246317720229
1855,0.9846351419882631
1856,0.9848512124697986
1857,0.9851289013673354
1858,0.9847587644561061
1859,0.9848303452928112
1860,0.9844837741529312
1861,0.9839547662141064
1862,0.9838573850663477
1863,0.9840247791060135
1864,0.9842468312605681
1865,0.9845757581368745
1866,0.984230437808353
1867,0.9837032656402713
1868,0.9844665994565727
1869,0.9841979808570431
1870,0.9849493104765588
1871,0.9853237402688233
1872,0.9849791271731219
1873,0.9858722336951872
1874,0.9857288825163095
1875,0.9854604502786667
1876,0.9849351515311834
1877,0.9845652440366413
1878,0.9840409813933843
1879,0.9848286013868587
1880,0.9845122563595722
1881,0.9839888580308324
1882,0.9835712749652386
1883,0.9840284302584953
1884,0.9844738905704178
1885,0.9849737946861763
1886,0.9844515392277001
1887,0.9847795916387837
1888,0.9848464220560676
1889,0.9843250634419565
1890,0.9838042565300824
1891,0.9832840004451908
1892,0.9827642943138772
1893,0.9826272579591034
1894,0.98210844736884
1895,0.9817960418293779
1896,0.9814314968623136
1897,0.9811972307272623
1898,0.9814205369442072
1899,0.981169659897322
1900,0.9809190469315388
1901,0.9810924519066162
1902,0.9809843596337086
1903,0.980468866013302
1904,0.9802072849055934
1905,0.9796927403990813
1906,0.979357229005963
1907,0.979150168656796
1908,0.9786369872266825
1909,0.9788083924067233
1910,0.9793108353328933
1911,0.9796361634216206
1912,0.9791238014114627
1913,0.9789175125153483
1914,0.9792059032075049
1915,0.9790709883244675
1916,0.9797703334805842
1917,0.9792592378449657
1918,0.9795912686309031
1919,0.979763738998763
1920,0.9795074984255928
1921,0.9795794979915775
1922,0.9796117303825385
1923,0.9791023119060005
1924,0.9789769677766771
1925,0.9789185509182827
1926,0.9788601947212158
1927,0.9792983968297783
1928,0.978992795975659
1929,0.9795174261416304
1930,0.980014521776544
1931,0.9803796171625173
1932,0.9813588281535892
1933,0.9808511412274881
1934,0.980954287464608
1935,0.9812901946041304
1936,0.9814410581894681
1937,0.9811357710918421
1938,0.9816482923945359
1939,0.981513035895293
1940,0.981233969847562
1941,0.9814848747371112
1942,0.9819304404451363
1943,0.9817942086819007
1944,0.9820126770950242
1945,0.9815077862584715
1946,0.9810034143230868
1947,0.9804995604893307
1948,0.9802875243197332
1949,0.980154408043628
1950,0.9798991588276753
1951,0.9796964904444445
1952,0.9791945967505693
1953,0.9802274499618978
1954,0.980500704609278
1955,0.9802582273494048
1956,0.9810484726906189
1957,0.9814635612942785
1958,0.9820837198795608
1959,0.9819671637240381
1960,0.9825200749743417
1961,0.9822650511915582
1962,0.9817644064152118
1963,0.9812642717201454
1964,0.9811309324475602
1965,0.9808047630290708
1966,0.9803058796297681
1967,0.9805322509463574
1968,0.9802813948047004
1969,0.9807263276326067
1970,0.98087163009328
1971,0.9803739783276315
1972,0.9800908154305279
1973,0.9798408187497044
1974,0.9804058553830108
1975,0.9801537098546831
1976,0.9798081940704972
1977,0.9795566059282946
1978,0.9790613801416777
1979,0.9788126615888852
1980,0.9783183117597999
1981,0.9778244610219101
1982,0.9773311086197799
1983,0.9771999442303996
1984,0.9767074039359286
1985,0.9766915881668929
1986,0.9763962248043154
1987,0.9762657949601654
1988,0.975774715586443
1989,0.9760564629651372
1990,0.9762221880972777
1991,0.9762297810847315
1992,0.9766376357629662
1993,0.9761476018263064
1994,0.9756580593981087
1995,0.9761369890199751
1996,0.9756479424322898
1997,0.9754009572016956
1998,0.9763787371590997
1999,0.9768456477505147
2000,0.9763572249266395
