Episode,Reward
1,1.5528895423376368
2,1.241406595748178
3,1.495470113722368
4,1.927488555871959
5,0.4868473641656201
6,2.600345018110563
7,1.6279809895362205
8,0.42197674523953255
9,1.8375890687298606
10,1.4064968037937042
11,1.7067438871375555
12,1.6642693355331333
13,2.3592991395333045
14,1.7944113044507044
15,1.352840889922308
16,0.0
17,2.984772415979152
18,1.596069248730568
19,1.5309716698757179
20,1.2733620958178622
21,0.0
22,1.382333321641181
23,2.2643471623029034
24,1.6326258670859441
25,1.9263555286418952
26,0.4401249032970475
27,0.5467087255557175
28,1.7145267661441677
29,2.269412974419374
30,0.0
31,2.5980191109192097
32,2.175823067616683
33,1.1333696960101645
34,0.0
35,2.3076953166283607
36,1.0187899100141045
37,1.4193483252247787
38,1.5612893504281145
39,1.5962374937439714
40,0.3900999500880284
41,1.476682827760312
42,0.7921315831114301
43,0.0
44,1.737227447115383
45,1.5973546257547415
46,0.0
47,1.2214620511592285
48,2.4228684448355455
49,0.34020802511579934
50,0.4868473641656201
51,1.7325276121726474
52,2.111932282877008
53,0.4868473641656201
54,2.3058246443794346
55,0.0
56,2.4837366419393794
57,1.0415301534182762
58,1.2288153496530028
59,0.0
60,1.4064968037937042
61,1.2112177693778683
62,0.2906187842756477
63,1.7268527580627082
64,0.5596451197812831
65,1.9757371787539164
66,1.9311210828976337
67,3.7692212640540204
68,1.846973814827134
69,1.766845088279336
70,1.9185093792825922
71,0.8477658186509118
72,1.8431707267174091
73,0.0
74,1.3386410476151167
75,0.42197674523953255
76,1.1781045252558204
77,0.5898596968020162
78,0.0
79,0.0
80,1.3315837442972398
81,0.19809752858321691
82,0.33219658875062535
83,1.0102215736933366
84,0.0
85,1.8125602180107991
86,0.5050050249091513
87,0.0
88,0.2906187842756477
89,1.5486517504688972
90,1.5277173444985226
91,1.918795086600865
92,0.2906187842756477
93,1.2629009700803167
94,0.672887976471635
95,1.943706314550127
96,2.5203472902523933
97,0.0
98,0.99307984343509
99,1.1178186646821613
100,0.0
101,0.9453219776089843
102,1.6804016509199171
103,0.0
104,1.0187899100141045
105,0.0
106,0.6266951853982106
107,1.0915760694914483
108,0.3900999500880284
109,2.060976021969064
110,1.8426301210531868
111,1.774701047007247
112,0.99307984343509
113,0.5050050249091513
114,1.1109554194710478
115,3.469668372573481
116,1.0026921290478694
117,0.482418436935887
118,1.5279766453576058
119,1.5297911421649473
120,0.482418436935887
121,0.0
122,1.8677407413377243
123,1.495470113722368
124,2.441161770795964
125,1.7351552215727777
126,0.482418436935887
127,0.6281531472259791
128,2.5980338979820368
129,0.9453131024000861
130,1.2754358934842869
131,1.8904665795220494
132,0.4401249032970475
133,0.8357436518320082
134,1.9950092740849186
135,1.990484455425964
136,1.332208455344794
137,0.4401249032970475
138,1.5692443485160312
139,0.29741452030312243
140,1.1109554194710478
141,0.9262533484918714
142,2.6283710517318384
143,0.0
144,1.7145267661441677
145,2.205576157862209
146,0.0
147,2.4846858367372806
148,1.6309434776490765
149,1.5762355915077693
150,0.9453219776089843
151,0.4401249032970475
152,1.6035173390109843
153,1.4561189303913775
154,1.52501308615646
155,1.0494851515061931
156,0.29741452030312243
157,1.572838994970758
158,2.124967585753132
159,0.0
160,1.405041305697475
161,0.8981970542161073
162,0.34020802511579934
163,0.4868473641656201
164,0.34020802511579934
165,0.854777543196735
166,0.29741452030312243
167,0.0
168,0.34020802511579934
169,2.1194202522310674
170,0.8665245153676056
171,0.5050050249091513
172,1.3036674790518004
173,1.9756076904659077
174,2.1652654589412794
175,2.0813841778316378
176,1.6625699293524456
177,0.5467087255557175
178,0.34020802511579934
179,1.2112177693778683
180,0.5876255352752173
181,0.6479163325147601
182,1.1033818768904078
183,2.0673744633612285
184,0.7021680791457461
185,0.482418436935887
186,0.6281531472259791
187,2.325720868657743
188,1.9202377506034825
189,0.19809752858321691
190,1.581857131671771
191,1.9071375270932354
192,0.29741452030312243
193,1.615951569171301
194,2.3305420555025234
195,1.6713661763443204
196,2.0146835626425625
197,0.5050050249091513
198,0.905374439801782
199,0.5876255352752173
200,1.3058494759247867
201,0.5370286386701701
202,0.905374439801782
203,2.5653555940553523
204,0.6479163325147601
205,2.573140075987512
206,2.0382631468630668
207,2.803537091817975
208,1.6126318103035042
209,3.4464567143810503
210,0.34020802511579934
211,0.0
212,0.9793877034940166
213,1.2259699376775468
214,0.19809752858321691
215,0.6719535021250128
216,1.5762355915077693
217,1.6713661763443204
218,0.5876255352752173
219,1.6554260426889402
220,1.5125186993574333
221,0.7379402070878731
222,1.7512936906128265
223,1.5523474227610219
224,2.0284069881036837
225,1.6657212987402121
226,0.0
227,0.8477658186509118
228,0.99307984343509
229,0.0
230,1.7339912864413822
231,1.0494851515061931
232,1.489919268623608
233,0.29741452030312243
234,2.033348982424405
235,0.5050050249091513
236,0.6728879764716351
237,0.4877818385122423
238,0.8026310690873079
239,1.1213294453726712
240,0.0
241,0.0
242,2.7234307672585576
243,0.29741452030312243
244,2.52144049160596
245,1.5131034886954369
246,1.0941584459601268
247,0.0
248,1.8496699233393834
249,1.7841316260072952
250,0.0
251,0.29741452030312243
252,0.482418436935887
253,2.1473068863572804
254,1.4076581174905254
255,0.0
256,0.0
257,0.0
258,0.8872688919253695
259,0.0
260,1.3105619045538501
261,1.934260055886148
262,0.19809752858321691
263,1.5676867395644052
264,0.0
265,1.5976954555717402
266,1.7226600150398685
267,0.7193859403628857
268,2.3756786135355172
269,1.476682827760312
270,0.0
271,3.196863137147594
272,1.472725884024687
273,0.34020802511579934
274,2.446340503515226
275,0.6479163325147601
276,0.19809752858321691
277,1.433747651228619
278,2.2643471623029034
279,1.7961012032030208
280,0.0
281,0.34020802511579934
282,1.8959883091390146
283,1.5486517504688972
284,0.3900999500880284
285,1.9167326856967786
286,0.702168079145746
287,0.5876255352752173
288,2.8722060287667333
289,1.971856186507794
290,0.3900999500880284
291,1.5973546257547415
292,0.3900999500880284
293,0.34020802511579934
294,0.5876255352752173
295,0.0
296,1.1109554194710478
297,2.1424506321350725
298,1.8467823549305797
299,0.5064576615571507
300,0.34020802511579934
301,1.3884159058069936
302,0.3900999500880284
303,0.0
304,0.0
305,0.34020802511579934
306,0.5064576615571507
307,1.0404840860749416
308,1.7390996914881287
309,2.0311117800481315
310,0.482418436935887
311,1.9693526742384897
312,0.482418436935887
313,0.926690968625035
314,0.3900999500880284
315,0.0
316,2.0072007297853607
317,1.5279766453576058
318,0.4401249032970475
319,0.4401249032970475
320,0.0
321,0.6281531472259791
322,0.3900999500880284
323,0.3900999500880284
324,0.0
325,0.5064576615571508
326,0.0
327,0.482418436935887
328,2.0073278564439256
329,1.1357354450378667
330,1.6554260426889402
331,1.973765123197
332,0.7208439021906543
333,1.703289540269167
334,0.7193859403628857
335,1.048783776237405
336,1.1033818768904078
337,0.7036207157937453
338,2.0888416719473613
339,1.6265283528882208
340,1.7517855560582962
341,2.0267721028537586
342,1.6405750849257703
343,0.7193859403628857
344,1.1954534189717023
345,1.7042240146157894
346,2.5893150132981804
347,1.8047201845121355
348,0.6266951853982106
349,2.1554255462060095
350,0.2906187842756477
351,0.672887976471635
352,3.184196912790067
353,0.0
354,1.9484012636291665
355,1.5973546257547415
356,1.7788791717654828
357,1.6054812673929182
358,0.8260978454414378
359,0.6719535021250128
360,0.4877818385122423
361,1.6326258670859441
362,0.4877818385122423
363,0.5898596968020162
364,0.0
365,0.19809752858321691
366,1.9104417908635223
367,0.0
368,1.0494851515061931
369,0.4401249032970475
370,0.0
371,1.476682827760312
372,1.778231696665175
373,2.0130012251961347
374,1.6855074518035829
375,0.0
376,1.0431365529662193
377,1.337939307276391
378,0.19809752858321691
379,0.5898596968020162
380,0.0
381,1.0728123018886382
382,1.433747651228619
383,0.0
384,0.0
385,1.6625699293524456
386,0.0
387,0.0
388,0.0
389,0.482418436935887
390,1.5005194951960181
391,1.9148751469487175
392,0.0
393,0.0
394,0.5674531021134814
395,0.482418436935887
396,0.0
397,0.9592152703322807
398,0.482418436935887
399,1.9676387077596005
400,1.337939307276391
401,0.0
402,0.34020802511579934
403,1.5932524603239049
404,1.535946678776793
405,1.0187899100141045
406,0.5674531021134814
407,0.9262533484918714
408,0.34020802511579934
409,0.5674531021134814
410,2.657767643001648
411,1.6709041813319845
412,1.8563541329518851
413,2.2758054816664233
414,1.723594489386491
415,0.5674531021134814
416,1.5279766453576058
417,2.2811414119814577
418,1.938474381391408
419,0.4401249032970475
420,0.7921315831114302
421,0.19809752858321691
422,0.5876255352752173
423,1.6571957842369542
424,0.0
425,1.4774248818245814
426,0.0
427,1.1958390428898718
428,0.7193859403628857
429,0.2906187842756477
430,2.006808848344189
431,0.5064576615571507
432,0.0
433,1.7886763001284416
434,0.7193859403628857
435,0.0
436,0.0
437,0.0
438,0.0
439,0.0
440,0.19809752858321691
441,1.8941106723735848
442,0.482418436935887
443,0.0
444,0.0
445,0.19809752858321691
446,0.0
447,0.0
448,0.5596451197812831
449,0.482418436935887
450,1.4069538711129495
451,0.0
452,1.916577135648402
453,0.0
454,0.0
455,2.5624672174030323
456,1.5141670309425947
457,2.1113346280242395
458,0.8260978454414378
459,1.405032430488577
460,2.190657896501809
461,1.610360507905037
462,0.4401249032970475
463,0.5064576615571507
464,0.2906187842756477
465,0.0
466,1.8921180451512072
467,3.0744729553469154
468,0.2906187842756477
469,0.672887976471635
470,0.2906187842756477
471,1.530971669875718
472,1.448765631897603
473,1.5775379927706523
474,1.5692443485160315
475,0.482418436935887
476,1.595538103818154
477,1.7886763001284416
478,0.9262533484918714
479,0.0
480,1.2733620958178622
481,0.0
482,1.716757520348132
483,1.9083891726393625
484,2.790498700601504
485,1.2178600136602373
486,1.8587028415013944
487,0.5064576615571508
488,0.0
489,0.0
490,1.8442620619220929
491,0.0
492,0.5064576615571508
493,2.0926575487578942
494,0.482418436935887
495,0.0
496,0.0
497,1.3939434025373236
498,1.9182158709727806
499,0.0
500,1.7602711038289378
501,0.0
502,1.433747651228619
503,0.34020802511579934
504,0.4877818385122423
505,1.5728389949707577
506,0.34020802511579934
507,1.7933768700521553
508,0.5064576615571508
509,0.5898596968020162
510,0.482418436935887
511,1.1178186646821613
512,2.229756264909926
513,1.0494851515061931
514,0.482418436935887
515,1.0927111023525822
516,1.8970242768154604
517,1.2733620958178622
518,0.0
519,0.5370286386701701
520,0.33219658875062535
521,2.0527828061240694
522,0.33219658875062535
523,0.7379402070878731
524,0.5064576615571508
525,1.1109554194710478
526,0.4877818385122423
527,0.9687953842510354
528,0.33219658875062535
529,0.0
530,0.34020802511579934
531,0.0
532,1.240211734330752
533,0.5898596968020162
534,1.8125602180107991
535,1.7237362234859392
536,0.0
537,1.867740741337724
538,1.530971669875718
539,0.5596451197812831
540,1.916344170727279
541,1.5005194951960181
542,1.8885769448639493
543,1.2663217669853806
544,0.19809752858321691
545,0.34020802511579934
546,0.5674531021134814
547,0.482418436935887
548,1.2733620958178622
549,2.1575849938017946
550,1.601012812890598
551,1.956645668822342
552,0.0
553,0.34020802511579934
554,0.0
555,0.0
556,0.5876255352752173
557,1.0415301534182762
558,1.8411049640583852
559,0.33219658875062535
560,0.926690968625035
561,1.7886763001284416
562,0.9997054426885889
563,1.433747651228619
564,0.835743651832008
565,0.482418436935887
566,0.0
567,1.2214620511592285
568,2.4815505621660745
569,0.2906187842756477
570,0.0
571,0.0
572,1.4248970728829835
573,1.5728389949707577
574,0.3900999500880284
575,1.3017489505661557
576,0.0
577,1.0916960858377465
578,0.0
579,1.7872252356042617
580,1.9122039420783423
581,0.0
582,1.493139349377834
583,1.3058494759247867
584,1.5005194951960181
585,1.3315837442972398
586,0.0
587,0.0
588,1.473336125187054
589,0.7379402070878731
590,0.34020802511579934
591,0.905374439801782
592,0.3900999500880284
593,2.250314226712736
594,0.19809752858321691
595,0.5050050249091513
596,1.5277173444985226
597,0.5674531021134814
598,0.0
599,0.0
600,1.62467027709961
601,1.332204905315665
602,0.4401249032970475
603,0.6479163325147601
604,0.5674531021134814
605,0.0
606,0.19809752858321691
607,1.3149905941276543
608,0.0
609,0.5050050249091513
610,0.29741452030312243
611,0.34020802511579934
612,0.7379402070878731
613,1.9701378431232883
614,1.9185093792825925
615,0.0
616,0.6719535021250128
617,0.34020802511579934
618,2.161757662302805
619,0.0
620,2.0229598259856907
621,0.34020802511579934
622,0.0
623,0.4401249032970475
624,1.8959883091390146
625,1.6118278251914904
626,0.0
627,0.0
628,0.0
629,2.426054847161187
630,0.0
631,1.1232933737546054
632,1.0728123018886382
633,2.448513731375938
634,0.5898596968020162
635,0.42197674523953255
636,1.908538099117037
637,0.34020802511579934
638,1.0915760694914483
639,0.34020802511579934
640,0.5674531021134814
641,1.5307411265781439
642,1.1232933737546054
643,1.472725884024687
644,2.2205843323310317
645,1.5761676290474527
646,1.2073846279299314
647,0.0
648,0.8887268537531381
649,0.29741452030312243
650,0.6728879764716351
651,0.482418436935887
652,1.3105619045538501
653,1.6999609061924725
654,0.0
655,2.2287825864512447
656,0.0
657,0.0
658,0.0
659,0.0
660,0.0
661,0.7537502112108901
662,0.9909022059847302
663,1.0494851515061931
664,0.8251633710948156
665,2.013007446885222
666,0.29741452030312243
667,1.2957124809638836
668,0.7233544747269637
669,1.8375890687298606
670,1.436501096471917
671,0.34020802511579934
672,1.3566362244966177
673,0.0
674,0.6728879764716351
675,3.347398159914982
676,2.1724611635306257
677,1.9957699403904925
678,1.2404721214015555
679,1.472725884024687
680,0.5467087255557175
681,1.6742568563341558
682,0.8260978454414378
683,1.7252479603681354
684,0.29741452030312243
685,0.482418436935887
686,1.408361064565272
687,1.9136619039061111
688,1.2288153496530028
689,2.4270369888327217
690,1.7913618525038575
691,1.1109554194710478
692,1.0687208385173057
693,2.4209241442284855
694,2.836432392238426
695,1.0419367227229408
696,1.7035200835667414
697,0.29741452030312243
698,0.34020802511579934
699,1.5973546257547415
700,0.0
701,0.19809752858321691
702,0.29741452030312243
703,1.4344272988054922
704,0.0
705,0.0
706,2.1459482942427317
707,1.0687208385173057
708,0.5370286386701701
709,0.0
710,0.34020802511579934
711,1.684446631671869
712,1.275444768693185
713,1.84634910377958
714,1.2595400115599427
715,0.0
716,1.5279766453576058
717,1.4064968037937042
718,0.482418436935887
719,0.29741452030312243
720,1.7372274471153832
721,1.581857131671771
722,0.29741452030312243
723,2.60135092411019
724,2.1177840507795866
725,1.405032430488577
726,1.128172614266724
727,0.702168079145746
728,0.19809752858321691
729,1.9076156444003702
730,0.34020802511579934
731,0.34020802511579934
732,2.1024584412804765
733,0.6479163325147601
734,3.359992024684259
735,2.130303516068166
736,1.0728123018886382
737,2.191914986303582
738,1.5871921448028923
739,0.6479163325147601
740,0.6828763392359815
741,2.4613598813591366
742,1.975496024060903
743,2.3653234015478706
744,0.9898871894698944
745,1.5612982256370127
746,0.4877818385122423
747,1.9744020557121398
748,1.9886141727709368
749,2.0373883298557987
750,1.339005238569511
751,0.34020802511579934
752,1.9727118444210077
753,2.4339145047062667
754,0.9453219776089844
755,2.110355934300155
756,0.7379402070878731
757,0.6728879764716351
758,1.2739868068654165
759,1.7981084994413603
760,0.8251633710948156
761,2.280446721588721
762,1.067476371573604
763,1.8018651632727054
764,0.0
765,0.0
766,1.2404721214015555
767,2.097409059806827
768,0.0
769,0.34020802511579934
770,2.3012115950903467
771,0.19809752858321691
772,0.19809752858321691
773,1.746100711721572
774,1.2733620958178622
775,2.3577741369594563
776,1.809794864540099
777,0.34020802511579934
778,1.472725884024687
779,1.7948693524200403
780,0.0
781,0.4877818385122423
782,0.34020802511579934
783,0.5844931431445296
784,0.0
785,1.0431365529662193
786,0.9997054426885889
787,0.34020802511579934
788,0.19809752858321691
789,0.6479163325147601
790,0.0
791,2.068014807472711
792,1.2957124809638836
793,0.34020802511579934
794,0.0
795,0.5050050249091513
796,1.2595400115599427
797,1.7330886388380695
798,1.382333321641181
799,1.1232933737546054
800,0.0
801,0.0
802,0.0
803,1.9598071849666399
804,0.19809752858321691
805,0.0
806,2.0747387396904022
807,1.3541181979735704
808,0.0
809,0.0
810,0.0
811,1.885067044151865
812,0.0
813,0.0
814,0.702168079145746
815,1.2214620511592285
816,2.151429343205693
817,0.0
818,0.482418436935887
819,2.028158683324974
820,0.0
821,1.5279766453576058
822,0.0
823,1.600782269593024
824,1.5201967278033015
825,1.433747651228619
826,0.0
827,0.34020802511579934
828,0.9687953842510354
829,0.29741452030312243
830,1.5676867395644052
831,1.5279766453576058
832,0.0
833,0.482418436935887
834,2.033348982424405
835,0.0
836,0.3900999500880284
837,1.600782269593024
838,1.59616404051721
839,2.1229190145707713
840,0.0
841,1.615951569171301
842,1.778231696665175
843,0.8251633710948156
844,0.0
845,0.0
846,0.4401249032970475
847,1.3105619045538501
848,1.8786972946328473
849,1.3058494759247867
850,0.34020802511579934
851,1.4371684481336828
852,0.482418436935887
853,0.2906187842756477
854,0.0
855,0.4401249032970475
856,0.0
857,1.530971669875718
858,0.482418436935887
859,0.2906187842756477
860,0.5064576615571508
861,0.5370286386701701
862,0.2906187842756477
863,0.9909022059847301
864,0.5064576615571508
865,0.9687953842510354
866,1.1213294453726714
867,0.6828763392359815
868,1.6080324906171808
869,0.2906187842756477
870,0.5064576615571507
871,1.298328153661092
872,1.298328153661092
873,1.984554102104326
874,0.5064576615571507
875,0.34020802511579934
876,2.3732518749811065
877,1.1109554194710478
878,1.5486517504688972
879,0.0
880,0.4401249032970475
881,0.4877818385122423
882,0.4877818385122423
883,1.7722107141772137
884,0.42197674523953255
885,0.4877818385122423
886,0.9453131024000861
887,0.3900999500880284
888,0.4877818385122423
889,0.4868473641656201
890,1.6468600205274069
891,0.5050050249091513
892,0.5064576615571508
893,1.5307411265781439
894,0.0
895,0.34020802511579934
896,1.2629009700803167
897,1.1033818768904078
898,0.0
899,1.3620731960614871
900,1.582917951803485
901,0.0
902,0.0
903,0.0
904,1.2404721214015555
905,1.5005194951960181
906,0.7036207157937454
907,0.0
908,1.737227447115383
909,0.6828763392359815
910,0.0
911,2.495669735174735
912,0.0
913,0.0
914,0.34020802511579934
915,0.0
916,0.0
917,0.0
918,1.1357354450378667
919,0.5064576615571507
920,0.6828763392359815
921,0.0
922,0.7233544747269637
923,1.382333321641181
924,0.4877818385122423
925,1.2288153496530028
926,1.5889211755395782
927,1.6992756632726072
928,1.2868587644600842
929,0.0
930,0.5467087255557175
931,1.6515214688537392
932,2.0668609430556817
933,0.6828763392359815
934,1.2214620511592285
935,1.0102215736933369
936,0.0
937,0.6828763392359815
938,1.5728389949707577
939,0.5050050249091513
940,3.0412782266462375
941,1.1232933737546054
942,1.8921180451512072
943,0.19809752858321691
944,0.34020802511579934
945,0.482418436935887
946,0.0
947,0.482418436935887
948,1.9311210828976337
949,1.7195827956513925
950,1.595134774383946
951,0.7172321244783106
952,1.6999609061924725
953,0.0
954,1.7872252356042617
955,1.3778059583230216
956,0.34020802511579934
957,0.0
958,1.7195827956513925
959,3.160797027159778
960,0.6479163325147601
961,1.2669721751591074
962,1.8368966415425092
963,1.766845088279336
964,0.4868473641656201
965,1.0728123018886382
966,0.9726640030729854
967,3.136931670189861
968,0.8477658186509118
969,1.9165771356484018
970,1.8999645340366211
971,1.4062001556627566
972,1.714528338267987
973,2.348692077299366
974,0.0
975,0.8251633710948156
976,0.5674531021134814
977,1.3856619557178758
978,1.9496337899916927
979,0.854777543196735
980,2.4953684372330773
981,1.7517855560582962
982,0.34020802511579934
983,3.230013775584032
984,1.7367835305964383
985,1.240211734330752
986,0.0
987,1.5309716698757179
988,1.3198609594308748
989,1.546673562577833
990,0.3900999500880284
991,1.8238802431075816
992,0.34020802511579934
993,1.885067044151865
994,1.5976954555717402
995,1.3010484112789178
996,1.969449324938768
997,1.2288153496530028
998,0.0
999,0.34020802511579934
1000,1.9512127052020354
1001,1.2872963845932477
1002,1.9965197908141643
1003,0.0
1004,0.0
1005,0.9262533484918714
1006,1.5612893504281145
1007,0.0
1008,0.0
1009,2.184134355468693
1010,0.0
1011,0.6281531472259791
1012,1.7195827956513927
1013,0.7537502112108901
1014,0.0
1015,0.0
1016,0.34020802511579934
1017,1.5976954555717402
1018,1.2629009700803167
1019,0.0
1020,0.34020802511579934
1021,0.4401249032970475
1022,0.977287865230082
1023,1.1212133170832852
1024,0.8251633710948156
1025,0.482418436935887
1026,1.6327269338415442
1027,2.1644568367610506
1028,1.1333696960101645
1029,0.4401249032970475
1030,2.054933866933382
1031,0.4401249032970475
1032,1.2754358934842869
1033,0.977287865230082
1034,1.9671325678943294
1035,0.5064576615571507
1036,1.4774248818245814
1037,1.5005194951960181
1038,0.0
1039,0.5064576615571508
1040,0.7233544747269637
1041,0.0
1042,1.6576528515562
1043,0.7172321244783106
1044,0.7172321244783106
1045,0.0
1046,2.2773685825928336
1047,0.0
1048,2.023930996145909
1049,0.29741452030312243
1050,1.5253464522043831
1051,0.6281531472259791
1052,2.1549861940790613
1053,0.0
1054,1.5486517504688972
1055,0.5064576615571508
1056,1.4854077449180039
1057,0.482418436935887
1058,0.7172321244783106
1059,0.34020802511579934
1060,2.0052706168819077
1061,1.8677407413377243
1062,1.2595400115599427
1063,1.7330886388380695
1064,2.330614844341639
1065,1.2629009700803167
1066,0.6719535021250128
1067,3.0881718987543723
1068,1.2754358934842869
1069,0.7208439021906543
1070,0.34020802511579934
1071,1.7384838556494726
1072,0.29741452030312243
1073,0.6281531472259791
1074,1.5279766453576058
1075,0.7921315831114301
1076,0.0
1077,1.8813982420939876
1078,3.234753248316039
1079,1.7226688902487666
1080,2.440513072763354
1081,1.0187899100141045
1082,2.2761342087203436
1083,0.482418436935887
1084,0.4401249032970475
1085,1.298328153661092
1086,0.0
1087,2.316097227622412
1088,0.0
1089,1.3666775618300915
1090,0.6719535021250128
1091,0.482418436935887
1092,1.5730608846798964
1093,1.5962374937439714
1094,0.482418436935887
1095,0.6281531472259791
1096,0.0
1097,0.482418436935887
1098,0.0
1099,0.9453219776089843
1100,1.2288153496530028
1101,2.00741430676721
1102,2.0956950933279375
1103,0.34020802511579934
1104,3.159546787279285
1105,0.7208439021906543
1106,0.0
1107,0.0
1108,1.0494851515061931
1109,0.6266951853982106
1110,0.4877818385122423
1111,1.9122039420783423
1112,1.7942931230988768
1113,0.0
1114,0.0
1115,1.3292945450444646
1116,0.29741452030312243
1117,0.29741452030312243
1118,0.0
1119,2.1485280805204043
1120,0.0
1121,1.048783776237405
1122,1.2733620958178622
1123,2.405360770590004
1124,1.067476371573604
1125,1.241406595748178
1126,1.21120889416897
1127,0.482418436935887
1128,0.29741452030312243
1129,1.2595400115599427
1130,0.5898596968020162
1131,0.482418436935887
1132,0.9687953842510354
1133,0.34020802511579934
1134,1.0187899100141045
1135,1.3687513594965164
1136,0.0
1137,0.7172321244783106
1138,0.482418436935887
1139,0.5370286386701701
1140,0.0
1141,0.7921315831114302
1142,1.7145267661441677
1143,1.0941584459601268
1144,1.5973546257547415
1145,1.7927725691263259
1146,0.802631069087308
1147,1.6657212987402121
1148,1.2288153496530028
1149,1.5973546257547415
1150,1.1064571378219914
1151,0.0
1152,1.8269345719510195
1153,1.9476195678797266
1154,1.1033818768904078
1155,1.6126318103035042
1156,0.34020802511579934
1157,0.5674531021134814
1158,1.9076302117447406
1159,0.0
1160,0.0
1161,1.0415301534182762
1162,0.34020802511579934
1163,1.4064968037937042
1164,0.0
1165,0.0
1166,0.0
1167,1.5962374937439714
1168,1.1109554194710478
1169,1.85438260677056
1170,0.8477658186509118
1171,2.385598651703016
1172,2.2215305967641066
1173,0.0
1174,0.7379402070878731
1175,1.6855074518035829
1176,1.472725884024687
1177,0.8477658186509118
1178,1.5973546257547415
1179,1.3799627711417706
1180,1.0187899100141045
1181,1.0187899100141045
1182,1.6669035578403812
1183,1.3315837442972396
1184,0.5064576615571507
1185,0.19809752858321691
1186,1.680401650919917
1187,1.4050413056974753
1188,0.2906187842756477
1189,1.495470113722368
1190,0.5876255352752173
1191,0.0
1192,1.7226600150398685
1193,2.159530055899353
1194,0.482418436935887
1195,1.2629009700803167
1196,1.5676867395644052
1197,0.7193859403628857
1198,1.0187899100141045
1199,0.4401249032970475
1200,2.448513731375938
1201,0.5674531021134814
1202,1.9802775023337142
1203,2.0561547436052567
1204,1.1197553552555166
1205,2.801351877633435
1206,2.0407217498745847
1207,0.0
1208,0.0
1209,0.19809752858321691
1210,1.1109554194710478
1211,1.59616404051721
1212,1.2733620958178622
1213,0.5064576615571507
1214,1.5147316122548151
1215,0.0
1216,0.0
1217,0.0
1218,1.5612982256370127
1219,0.9772878652300822
1220,1.7372274471153832
1221,1.5005194951960181
1222,0.4877818385122423
1223,2.3267890049543096
1224,0.0
1225,2.8189177436695703
1226,1.7145267661441677
1227,2.02609292066595
1228,1.0187899100141045
1229,0.4877818385122423
1230,0.5050050249091513
1231,1.0941584459601268
1232,2.2434812331699097
1233,1.6713661763443204
1234,1.581857131671771
1235,1.0728123018886382
1236,1.3058494759247867
1237,1.1213294453726712
1238,2.024033546459889
1239,1.2957124809638836
1240,1.2259699376775468
1241,1.7799078408809281
1242,0.0
1243,0.482418436935887
1244,1.6326258670859441
1245,1.4064968037937042
1246,0.8026310690873079
1247,1.518152409159879
1248,3.181834906258794
1249,0.0
1250,1.8090897654815885
1251,1.4064968037937042
1252,0.0
1253,3.4586475535215655
1254,0.34020802511579934
1255,0.0
1256,0.482418436935887
1257,1.817157284929858
1258,2.1064920726877756
1259,1.4371684481336828
1260,0.42197674523953255
1261,0.482418436935887
1262,0.0
1263,1.964532247142522
1264,1.9237194335756973
1265,0.0
1266,0.34020802511579934
1267,0.0
1268,2.0882880491731104
1269,0.482418436935887
1270,1.536170251808985
1271,0.0
1272,0.34020802511579934
1273,0.42197674523953255
1274,0.8665245153676056
1275,1.0941584459601268
1276,2.112407303508004
1277,0.19809752858321691
1278,1.4557928363816817
1279,2.0289636766045223
1280,1.433747651228619
1281,0.7755009488363909
1282,1.3010484112789178
1283,1.8099243444516575
1284,0.0
1285,1.0187899100141045
1286,2.580548364356202
1287,0.9262533484918714
1288,0.0
1289,1.6927845063731788
1290,2.0846344307276143
1291,0.19809752858321691
1292,2.1547579772823875
1293,1.6229615854208173
1294,1.2595400115599427
1295,2.0934234663583404
1296,0.482418436935887
1297,0.9788328977113353
1298,3.0049553380347254
1299,1.684446631671869
1300,1.530971669875718
1301,1.4064968037937042
1302,0.482418436935887
1303,1.240480996610454
1304,0.34020802511579934
1305,2.254622772047836
1306,1.714528338267987
1307,1.3058494759247867
1308,0.42197674523953255
1309,0.0
1310,1.5962374937439716
1311,0.42197674523953255
1312,1.6433750507739642
1313,0.5876255352752173
1314,0.0
1315,0.5370286386701701
1316,1.5962374937439716
1317,2.0631283445631197
1318,0.0
1319,0.9898871894698945
1320,0.0
1321,1.5127143942945955
1322,2.2006346463172974
1323,1.9676387077596007
1324,0.5370286386701701
1325,1.2559769588998924
1326,0.9726640030729854
1327,1.925374632924595
1328,1.660869734572097
1329,0.7172321244783106
1330,0.7193859403628857
1331,2.029147457674381
1332,1.9801886723242266
1333,2.4663565945625954
1334,1.8290003346100434
1335,1.4774248818245814
1336,2.104852820155553
1337,2.440997707937016
1338,0.5050050249091513
1339,1.6360217522801896
1340,2.933745491955724
1341,0.6828763392359815
1342,1.6799210556369486
1343,0.34020802511579934
1344,0.19809752858321691
1345,0.34020802511579934
1346,0.0
1347,2.0323864661168525
1348,0.6266951853982106
1349,1.2073846279299314
1350,1.916344170727279
1351,0.4877818385122423
1352,0.19809752858321691
1353,1.2733620958178622
1354,0.29741452030312243
1355,1.6862740326110828
1356,0.19809752858321691
1357,0.4877818385122423
1358,0.482418436935887
1359,0.0
1360,1.493139349377834
1361,0.0
1362,0.3900999500880284
1363,1.735155221572778
1364,0.8773098452042428
1365,1.5486517504688972
1366,0.19809752858321691
1367,0.34020802511579934
1368,0.854777543196735
1369,0.19809752858321691
1370,0.34020802511579934
1371,1.5775379927706523
1372,1.3010484112789178
1373,0.5467087255557175
1374,1.6662051835320901
1375,0.0
1376,0.482418436935887
1377,0.0
1378,0.19809752858321691
1379,0.2906187842756477
1380,1.2957124809638836
1381,0.0
1382,1.7145267661441677
1383,1.7198738152526443
1384,0.482418436935887
1385,0.0
1386,0.0
1387,1.1033818768904078
1388,1.0431365529662193
1389,0.482418436935887
1390,0.6838108135826038
1391,0.9909022059847302
1392,0.0
1393,3.0840853739678153
1394,0.0
1395,0.8872688919253695
1396,1.9504420227300598
1397,0.34020802511579934
1398,0.0
1399,0.0
1400,0.7755009488363908
1401,0.8477658186509118
1402,0.7036207157937454
1403,0.0
1404,1.3731990259795597
1405,1.1109554194710478
1406,1.8553170811171824
1407,0.5844931431445296
1408,0.482418436935887
1409,0.6828763392359815
1410,0.0
1411,0.482418436935887
1412,0.0
1413,1.6399791655797187
1414,0.0
1415,0.0
1416,0.2906187842756477
1417,3.084083801843996
1418,1.3058494759247867
1419,0.0
1420,0.482418436935887
1421,2.345894201970239
1422,0.7233544747269637
1423,0.0
1424,0.2906187842756477
1425,0.0
1426,1.4387101648498737
1427,1.4774248818245814
1428,1.6032754617006297
1429,1.4371684481336828
1430,0.0
1431,2.8052007455731185
1432,0.0
1433,0.9997054426885889
1434,1.3058494759247867
1435,1.0187899100141045
1436,1.0915760694914483
1437,2.352152622820239
1438,0.0
1439,0.0
1440,0.7755009488363908
1441,0.0
1442,0.0
1443,2.637565360448179
1444,1.621426278243745
1445,0.0
1446,0.7172321244783106
1447,1.048783776237405
1448,2.138485388907903
1449,1.383714456451045
1450,1.615608286927043
1451,0.5876255352752173
1452,0.4877818385122423
1453,0.482418436935887
1454,1.58625635225471
1455,0.5844931431445296
1456,0.0
1457,2.4948181810240975
1458,0.7233544747269637
1459,0.19809752858321691
1460,0.19809752858321691
1461,0.5674531021134814
1462,0.5844931431445296
1463,0.34020802511579934
1464,3.1349951950789965
1465,1.8935087642704644
1466,1.7163990105169131
1467,0.482418436935887
1468,0.0
1469,0.19809752858321691
1470,0.19809752858321691
1471,1.0915760694914483
1472,0.0
1473,1.298328153661092
1474,1.0728123018886382
1475,1.581857131671771
1476,0.5064576615571508
1477,1.0494851515061931
1478,0.0
1479,1.5125186993574333
1480,0.0
1481,1.2214620511592285
1482,1.4978383471777283
1483,0.29741452030312243
1484,0.34020802511579934
1485,2.783706882388789
1486,2.5239769851167706
1487,0.0
1488,0.7717492635271161
1489,1.1452421462848246
1490,1.5713924519596407
1491,2.416811383038981
1492,0.29741452030312243
1493,0.29741452030312243
1494,1.5973546257547415
1495,1.0494851515061931
1496,0.34020802511579934
1497,1.700895380539095
1498,0.9797673720579576
1499,1.79810849944136
1500,0.29741452030312243
1501,0.0
1502,0.0
1503,0.6719535021250128
1504,1.93415038592729
1505,2.581973216696419
1506,0.0
1507,0.0
1508,0.8887268537531381
1509,0.2906187842756477
1510,0.2906187842756477
1511,0.2906187842756477
1512,1.806614205831338
1513,0.6281531472259791
1514,1.3010484112789178
1515,1.912744928455998
1516,2.0833261845958018
1517,1.0187899100141045
1518,0.0
1519,0.0
1520,1.8154716779737219
1521,1.9750584039277395
1522,1.595538103818154
1523,0.5050050249091513
1524,1.7138332666992722
1525,0.29741452030312243
1526,0.29741452030312243
1527,0.0
1528,0.19809752858321691
1529,0.7021680791457461
1530,1.275444768693185
1531,1.6607659497719105
1532,0.29741452030312243
1533,0.905374439801782
1534,1.3778059583230216
1535,1.5023766048943972
1536,0.0
1537,0.2906187842756477
1538,0.0
1539,1.918795086600865
1540,0.0
1541,0.0
1542,0.0
1543,2.1957340712769886
1544,0.0
1545,0.0
1546,1.5762355915077693
1547,1.96935267423849
1548,1.6939719473790111
1549,0.0
1550,0.19809752858321691
1551,2.1310171649839442
1552,0.42197674523953255
1553,0.0
1554,0.0
1555,0.0
1556,0.0
1557,1.9076302117447406
1558,0.19809752858321691
1559,0.0
1560,0.5876255352752173
1561,0.5898596968020162
1562,0.0
1563,0.19809752858321691
1564,1.5005194951960181
1565,0.0
1566,0.6479163325147601
1567,0.0
1568,0.0
1569,0.0
1570,1.352840889922308
1571,0.5876255352752173
1572,2.1887163759402744
1573,2.2909646245627027
1574,0.0
1575,0.0
1576,0.5876255352752173
1577,0.0
1578,0.19809752858321691
1579,2.3642365932820177
1580,1.4774248818245814
1581,0.6479163325147601
1582,2.1260598895411973
1583,0.5876255352752173
1584,0.482418436935887
1585,2.4774007836136827
1586,1.7372363223242815
1587,0.5844931431445296
1588,0.0
1589,0.6281531472259791
1590,0.0
1591,0.0
1592,1.2754358934842869
1593,1.5963945838147842
1594,0.0
1595,0.482418436935887
1596,1.8962204245604077
1597,0.4868473641656201
1598,1.8247561039972253
1599,0.9565434886723182
1600,0.0
1601,0.0
1602,0.0
1603,1.664266763786282
1604,1.793375297928336
1605,1.778231696665175
1606,0.0
1607,1.472725884024687
1608,0.7172321244783106
1609,0.5064576615571508
1610,0.5844931431445296
1611,0.29741452030312243
1612,1.5005194951960181
1613,1.1958390428898718
1614,2.2448192549010617
1615,0.19809752858321691
1616,0.5844931431445296
1617,1.0431365529662193
1618,1.8119081260120713
1619,1.862860603829036
1620,0.3900999500880284
1621,2.072507870419871
1622,2.5751028962393834
1623,0.7036207157937454
1624,1.8793087978039182
1625,0.9687953842510354
1626,0.5674531021134814
1627,0.0
1628,0.19809752858321691
1629,1.3386410476151167
1630,0.5674531021134814
1631,1.0494851515061931
1632,0.0
1633,0.5898596968020162
1634,0.0
1635,0.7379402070878731
1636,0.0
1637,0.0
1638,0.42197674523953255
1639,0.34020802511579934
1640,0.0
1641,0.0
1642,0.8026310690873079
1643,2.1997120109655404
1644,1.5705949124857563
1645,0.0
1646,0.0
1647,1.489919268623608
1648,0.0
1649,0.29741452030312243
1650,2.4322811546075918
1651,0.0
1652,0.0
1653,2.163270164462943
1654,0.29741452030312243
1655,0.0
1656,0.0
1657,1.4774248818245814
1658,0.0
1659,0.19809752858321691
1660,1.382333321641181
1661,1.067476371573604
1662,0.34020802511579934
1663,0.42197674523953255
1664,0.33219658875062535
1665,0.0
1666,0.9453131024000861
1667,0.0
1668,0.0
1669,2.337484371123682
1670,1.3058494759247867
1671,0.0
1672,0.0
1673,0.9930798434350899
1674,0.0
1675,0.7172321244783106
1676,0.0
1677,1.382333321641181
1678,0.6479163325147601
1679,2.0210086785166057
1680,1.8540805970932634
1681,1.8962188524365886
1682,0.5674531021134814
1683,0.0
1684,1.3884159058069938
1685,0.19809752858321691
1686,0.19809752858321691
1687,1.2739868068654165
1688,0.0
1689,0.9569811088054818
1690,0.0
1691,0.0
1692,1.8944928273644037
1693,1.6607659497719103
1694,3.043596965045955
1695,1.5973546257547415
1696,1.8648399161647753
1697,0.5674531021134814
1698,1.8947380118804202
1699,0.3900999500880284
1700,2.0823787809724617
1701,0.8223461601321633
1702,1.1232933737546054
1703,0.482418436935887
1704,0.0
1705,0.29741452030312243
1706,1.5872312767872625
1707,0.482418436935887
1708,2.012623915375682
1709,1.1232933737546054
1710,0.0
1711,1.5279766453576058
1712,0.4401249032970475
1713,0.7172321244783106
1714,0.3900999500880284
1715,2.195835138032589
1716,0.0
1717,0.0
1718,0.4401249032970475
1719,0.0
1720,0.0
1721,0.0
1722,2.6766462307137058
1723,0.33219658875062535
1724,0.0
1725,1.7886763001284414
1726,0.4401249032970475
1727,0.0
1728,0.0
1729,1.536170251808985
1730,0.0
1731,0.42197674523953255
1732,1.0927111023525822
1733,1.8563778995339213
1734,1.5486517504688972
1735,1.4062001556627566
1736,2.6449472066690722
1737,0.0
1738,0.5064576615571508
1739,0.0
1740,1.337939307276391
1741,0.7537502112108901
1742,2.1559354748381727
1743,0.0
1744,0.0
1745,1.664266763786282
1746,1.597332366786196
1747,1.1109554194710478
1748,0.0
1749,0.5064576615571508
1750,0.33219658875062535
1751,0.33219658875062535
1752,0.33219658875062535
1753,1.9352038418991095
1754,1.5889211755395782
1755,2.6107556101077876
1756,0.0
1757,0.0
1758,0.9453219776089843
1759,0.34020802511579934
1760,0.0
1761,1.7195827956513927
1762,1.895203140254216
1763,1.5973546257547417
1764,0.34020802511579934
1765,1.2983281536610918
1766,0.0
1767,0.5844931431445296
1768,1.2288153496530028
1769,0.7379402070878731
1770,0.34020802511579934
1771,1.1064571378219914
1772,1.3105619045538501
1773,1.2595400115599427
1774,2.5087888554046804
1775,0.0
1776,0.0
1777,0.34020802511579934
1778,0.0
1779,0.3900999500880284
1780,1.0187899100141045
1781,0.0
1782,0.0
1783,1.9902981374897053
1784,1.048783776237405
1785,0.0
1786,0.4868473641656201
1787,0.0
1788,1.5005194951960181
1789,0.0
1790,0.0
1791,0.0
1792,1.4899192686236082
1793,0.0
1794,0.7233544747269637
1795,1.2259699376775468
1796,0.482418436935887
1797,0.4868473641656201
1798,1.4050413056974753
1799,0.19809752858321691
1800,0.0
1801,0.0
1802,0.5370286386701701
1803,0.0
1804,0.0
1805,1.6927845063731788
1806,0.9687953842510354
1807,0.7717492635271161
1808,1.9185093792825925
1809,0.34020802511579934
1810,1.600782269593024
1811,0.0
1812,0.0
1813,0.482418436935887
1814,1.3130177905368219
1815,0.0
1816,0.0
1817,0.9592152703322808
1818,1.4129776836836307
1819,1.5909811579254376
1820,0.0
1821,1.067476371573604
1822,0.5064576615571507
1823,0.5370286386701701
1824,0.3900999500880284
1825,2.0699194743747666
1826,1.974836840923183
1827,2.2061057632207177
1828,0.34020802511579934
1829,0.0
1830,0.5674531021134814
1831,0.0
1832,1.4064968037937042
1833,1.2733620958178622
1834,1.7351536494489586
1835,0.29741452030312243
1836,1.1232933737546054
1837,1.4064968037937042
1838,1.0415301534182762
1839,0.7233544747269637
1840,2.412469966694928
1841,1.5307411265781439
1842,1.1109554194710478
1843,0.9913398261178938
1844,0.29741452030312243
1845,0.34020802511579934
1846,0.6828763392359815
1847,1.1583871912874573
1848,0.0
1849,0.0
1850,1.5486517504688972
1851,0.0
1852,0.0
1853,1.626124519178541
1854,0.34020802511579934
1855,1.9311210828976337
1856,1.3856619557178758
1857,1.5005194951960181
1858,0.29741452030312243
1859,1.1178275398910595
1860,0.34020802511579934
1861,0.0
1862,0.8026310690873079
1863,1.2957124809638836
1864,1.39792999519592
1865,1.5976954555717402
1866,0.34020802511579934
1867,0.0
1868,2.409610834491167
1869,0.482418436935887
1870,2.3891843693511525
1871,1.6855074518035829
1872,0.34020802511579934
1873,2.6577676430016486
1874,0.7172321244783106
1875,0.482418436935887
1876,0.0
1877,0.2906187842756477
1878,0.0
1879,2.463978949132019
1880,0.3900999500880284
1881,0.0
1882,0.19809752858321691
1883,1.8443946921675918
1884,1.8232756579206193
1885,1.9267931487750585
1886,0.0
1887,1.603486438942684
1888,1.1109554194710478
1889,0.0
1890,0.0
1891,0.0
1892,0.0
1893,0.7233544747269637
1894,0.0
1895,0.3900999500880284
1896,0.2906187842756477
1897,0.5370286386701701
1898,1.405032430488577
1899,0.5050050249091513
1900,0.5050050249091513
1901,1.3105619045538501
1902,0.7755009488363908
1903,0.0
1904,0.482418436935887
1905,0.0
1906,0.34020802511579934
1907,0.5844931431445296
1908,0.0
1909,1.3058494759247867
1910,1.938474381391408
1911,1.601012812890598
1912,0.0
1913,0.5844931431445296
1914,1.5308972973031434
1915,0.7208439021906543
1916,2.3190163074441306
1917,0.0
1918,1.6160942852729643
1919,1.3105619045538501
1920,0.4877818385122423
1921,1.1178186646821613
1922,1.0415301534182762
1923,0.0
1924,0.7379402070878731
1925,0.8665245153676056
1926,0.8665245153676056
1927,1.8232756579206193
1928,0.3900999500880284
1929,1.991004386134754
1930,1.9389120015245718
1931,1.685013712090897
1932,2.872215251913676
1933,0.0
1934,1.1803359638176765
1935,1.630934602440178
1936,1.2733620958178622
1937,0.3900999500880284
1938,1.9744020557121398
1939,0.7193859403628857
1940,0.4401249032970475
1941,1.4682403604627718
1942,1.8467734797216813
1943,0.7172321244783106
1944,1.4064968037937042
1945,0.0
1946,0.0
1947,0.0
1948,0.5674531021134814
1949,0.7208439021906543
1950,0.482418436935887
1951,0.5844931431445296
1952,0.0
1953,2.996356918475221
1954,1.5141670309425947
1955,0.5064576615571508
1956,2.5259781147644125
1957,1.7933768700521555
1958,2.1957340712769886
1959,0.7537502112108901
1960,2.0656732143188403
1961,0.482418436935887
1962,0.0
1963,0.0
1964,0.7193859403628857
1965,0.34020802511579934
1966,0.0
1967,1.4255782593609485
1968,0.4868473641656201
1969,1.8563541329518851
1970,1.2669721751591074
1971,0.0
1972,0.42197674523953255
1973,0.4868473641656201
1974,2.0952231328967064
1975,0.482418436935887
1976,0.29741452030312243
1977,0.482418436935887
1978,0.0
1979,0.4868473641656201
1980,0.0
1981,0.0
1982,0.0
1983,0.7172321244783106
1984,0.0
1985,0.9453131024000861
1986,0.3900999500880284
1987,0.7172321244783106
1988,0.0
1989,1.536170251808985
1990,1.3058494759247867
1991,0.9913398261178938
1992,1.7886763001284416
1993,0.0
1994,0.0
1995,1.9311226550214533
1996,0.0
1997,0.482418436935887
1998,2.9290053120951947
1999,1.9097330093974585
2000,0.0
